,Keyword,Date,Title,Contents,Words,Comments,Source,URL
0,퍼실 ,"
		작성일 : 2019-04-02 09:15:34		",제 목 :  퍼실로 세탁한 후 세재 냄새나는 이유가 ....,헹굼이 적어서인가요? 아님 정량보다 많은 양을 넣어서인가요?인공적인 향이 싫어져서 기존에 쓰던  다우니같은 섬유유연제도 안쓰고세정력 좋다는 퍼실로만 세탁했더니기존에 쓰던 인공 섬유유연제 냄새 저리가라할 정도로세탁후 냄새가 강하고 역하게 풍기네요제가 헹굼을 적게 설정해서 그럴까요? (기본설정 헹곰 2번   1번 추가)아님 정량보다 많이 넣어서 그럴까요? (빨래 한 뭉덩이에 70미리 정도-소주2/3컵)뭐가 문제일까요?참고로 세정력은 확실히 좋더군요 ,"'헹굼', '정량', '양', '어서', '인공', '향', '기존', '다우니', '섬유', '유연제', '정력', '퍼실로', '세탁', '기존', '인공', '섬유', '유연제', '냄새', '리가', '정도', '세탁', '후', '냄새', '역', '제', '헹굼', '설정', '요', '기본', '설정', '헹곰', '번', '번', '추가', '정량', '요', '빨래', '뭉덩이', '미리', '정도', '소주', '컵', '뭐', '제일', '참고', '정력'","[""1. 퍼실'19.4.2 9:18 AM (1.239.xxx.160)세정력은 좋은데 향이 너무 강해서 한번 쓰고 안써요\t\t\t2. ..'19.4.2 9:19 AM (121.159.xxx.42)퍼실이 원래 향이 독해요.\t\t\t3. 강해서'19.4.2 9:20 AM (58.231.xxx.208)그런거 아닌가요?퍼실쓰는집은 딱 알겠어요.\t\t\t4. 최악의 향'19.4.2 9:22 AM (183.98.xxx.7)제 학생이 수업하러 왔는데 암내같은 역한 냄새가 나서 이게 무슨 냄새지 의아해했어요. 얘가 액취증이 있나 생각했었어요..근데...세일하길래 퍼실 보라색 라벤더향을 샀는데 세상에...제 학생한테서 나던 바로 그 역한 냄새가 나더라구요 ㅠㅠ안 쓰고 쳐박아뒀어요 ㅠ퍼실 라벤더 향 좋다는 상퓸평보고 라벤더 향 기대하고 샀는데 최악이더라구요 ㅠ향이 강한게 문제가 아니라 정말 오해살만한 냄새더라구요.\t\t\t5. ㅅㅇ'19.4.2 9:25 AM (223.33.xxx.102)한동안 퍼실 썼었는데 회사에서 좀 솔직한 사람이 독한 향수 뿌렸냐고 말해줘서 알았어요 그 때 민폐 끼친 생각하면 너무 미안해요 퍼실 세제 최악이에요\t\t\t6. ...'19.4.2 9:27 AM (121.179.xxx.151)맞아요. 남자용  향수 느낌이요.\t\t\t7. ....'19.4.2 9:29 AM (119.205.xxx.107)저도 퍼실 쓴지 오래됐는데 그냥 세제느낌의 향만 남지 전혀 못느끼겠는데..행굼 물을 너무 적게 잡으시는건 아닐까요?물 넉넉히 해보세요 저는 항상 물을 좀 넉넉히 해서 행구거든요 안그러면 먼지나 뭐나 잘 안빠지고 들러붙는다 해서요..\t\t\t8. ㆍㆍ'19.4.2 9:33 AM (116.122.xxx.229)전 파란퍼실냄새는  괜찬던데햇빛에 말리고 헹궁4번해요세제양이 많은거아닐까요\t\t\t9. ...'19.4.2 9:33 AM (110.10.xxx.108)울샴푸도 그렇고 액체세제는 향이 강한 거 같아요. 여러 번 헹궈도 향이 잘 안 빠져요. 그래서 웬만하면 가루세제 써요.\t\t\t10. 다우니 역해요'19.4.2 9:37 AM (110.12.xxx.137)다우니 파란통에 있는것 쓰는데입고있으면  요상한 냄새가나요생전첨 맡아보는 앰새 역해요그해서 국산쓰는데은은한게 좋네요\t\t\t11. 곰팡이'19.4.2 9:51 AM (59.18.xxx.119)남편이 가전제품 분해청소 합니다. 퍼실 쓰는 집은 세탁기에 곰팡이 엄청 잘 생긴다네요. 친환경이라 세균도 좋아한다고,,,곰팡이 냄새랑 섞인걸 수 있어요.\t\t\t12. 고농축인데...'19.4.2 9:53 AM (117.53.xxx.106)퍼실은 고눙축 세제라서 뒷면에 적힌것보다 훠~얼씬 적게 넣으셔야 해요.권장사용량은 제조사에서 최대치를 적어 놓거든요.많이, 빨리 팍팍 쓰고, 또 사라고요.21kg 드럼세탁기 쓰는데, 수건 20장 빨아도 10ml 정도 넣어요.뚜껑컵으로는 7~8mm 정도요.뚜껑컵으로 1cm 넘게 써 본적 없어요.양말때, 셔츠깃때 다 잘 빨아져요.세제양을 획기적으로 확 줄여 보시길 권합니다. 때는 빠지고, 세제 냄새도 덜 남고, 피부에도 좋고, 환경도 보호하고, 내 돈도 덜 들어요.\t\t\t13. ..'19.4.2 9:54 AM (218.148.xxx.195)진짜 향 찐하지않나요 머리가 아우 아퍼서..\t\t\t14. ...'19.4.2 9:55 AM (211.209.xxx.43)전 홈쇼핑에서 왕창 사둔  퍼실 다 쓰고, 얼마전 가루세제 쓰기 시작했어요.다른옷은 그렇다치고, 유독 수건만 역한 냄새가 나더라구요.수건만 따로 모아서, 뜨거운 물에 빨고, 바싹 말려도,한두번 쓰면 역한 냄새가 ㅠㅠ\t\t\t15. ㅠㅠ'19.4.2 9:55 AM (218.237.xxx.203)예전에 독일수입일때는 제품이 좋아서 잘 썼는데언젠가 한국생산으로 바뀌고 모델 내세워서 광고하면서부터는.... 결국 다른제품으로 옮겨탔어요.\t\t\t16. 아우'19.4.2 10:41 AM (216.154.xxx.33)원래 무향 애티튜드같은 세제만 쓰는데 이번에 선물들어온게있어 퍼실로 세탁해서 안방에 널어놓고 외출했다 들어왔거든요.세상에..저희집 3층집인데 2층 안방에 넌 세제향이 온집에 다 퍼져서 진동을 하내요. 빨래넌지 이틀째라 바싹 말랐는데도 근처가면 냄새가 진동을 해요. 이 세제를 우째야할지 고민이네요..통은 또 어찌나 큰지..\t\t\t17. ㅎㅎ'19.4.2 10:49 AM (223.38.xxx.93)윗층서 세탁기 돌리면 우리집에도 세제냄새가 나더라구요. 퍼실써보니까 윗집도 퍼실쓰는걸 알겠더군요 ㅎㅎ\t\t\t18. ㅇㅇ'19.4.2 11:00 AM (117.111.xxx.102)향에 민감해서 섬유유연제도 사용안하는 사람인데 퍼실샘새 못느껴요. 헹굼을 최소 7회이상 하는거 같아요.\t\t\t19. 적정량'19.4.2 11:04 AM (112.170.xxx.211)저도 퍼실 사용해요. 세탁후에 냄새도 났었구요.티비 방송에서 세제 적정량 사용하기를 본 후아주 조금 넣어요. 냄새 전혀 안나요.저는 섬유 유연제도 냄새 때문에 안쓰거든요.위에 댓글처럼 사용량을 줄여보세요.\t\t\t20. 다우니 '19.4.2 11:22 AM (116.123.xxx.63)다우니 하...진짜 냄새역해요곰팡이핀 에어컨냄새? 덜말린 상한빨래냄새 같은게..\t\t\t21. ..'19.4.2 11:31 AM (223.33.xxx.65)저 어제 처음으로 퍼실로 세탁한 옷 입고잤는데..잠을 잘 못잤어요. 냄새가 넘 심해서요. 저랑 똑같은 고민하고 계시네요.\t\t\t22. 지독함'19.4.2 12:56 PM (49.163.xxx.76)한통 사서 써보곤 다신 안사요냄새가 너무 지독해요그 한통도 진짜 환경오염땜에 버릴수도 냄새안좋은거  누구 줄수도 없어서 억지로 쓴거예요그거 쓰는사람들은 진짜 어떻게 쓰는지\t\t\t23. 퍼실만 '19.4.2 1:54 PM (116.120.xxx.27)쓰고 있는데아주  조금만 넣어 잘 쓰고 있어요.다들 일반 세제처럼 쓰시는 거 같은데 3분의 1 정도만 넣어도 되네요.\t\t\t24. 양을 적게'19.4.2 3:16 PM (110.70.xxx.11)아주 적게 써도 향이 나요.성분 보면 향을 내는 게 아예 있더라고요.값도 비싸고.. 애경, 씨제이.. 우리 나라 제품ㄷㆍㄷ 괜찮다 싶어서 바꿨어요향도 덜 나고. 속 시원해요\t\t\t""]",82cook,https://www.82cook.com/entiz/read.php?bn=15&num=2746491&page=1&searchType=search&search1=1&keys=%ED%8D%BC%EC%8B%A4+
1,퍼실 ,"
		작성일 : 2018-08-07 12:17:14		",제 목 :  퍼실 세제 냄새,	 이번에 이마트 지나가다가 퍼실세제를 사봤어요프리미엄 컬러젤이라고 할인을 하길해요늘 비트 액체세제만 택배로 받다가 하나 더 남은 줄 알고있어 급한 김에 샀어요근데 냄새가 나요 ㅠ노인 냄새가요 ㅠ처음엔 늘 하던대로  평균코스보다 한 번 더 돌리고 널었어요퇴근한 남편도 현관 들어서자 마자 이거 무슨냄새야? 하더군요집안에 노인냄새가 갑자기 꽉 차서 무슨 일이지? 어디서 나는 거지 했는데 빨래 넌 곳 이었어요오늘은  과탄산 들이 붓고 두 번 더 돌렸는데도 냄새나요 ㅠ엊그제 비트 쓸 때는 안 나던 냄새니까 세탁조 랑은 상관 없는 듯 해요저 만 이런 건가요?너무 세제를 많이 넣은 건가요?뒤의 설명서대로 넣었어요저 남는 것 어디다 쓸까요?혹사해서 뚜껑도 열어 두었어요 ,"'이번', '이마트', '퍼실세제', '프리미엄', '컬러', '젤', '할인', '늘', '비트', '액체', '세제', '택배', '하나', '더', '줄', '김', '냄새', '노인', '냄새', '가요', '처음', '늘', '번', '더', '퇴근', '남편', '현관', '마자', '거', '냄새', '집안', '노인', '냄새', '갑자기', '꽉', '차서', '무슨', '일이', '나', '거지', '빨래', '넌', '곳', '오늘', '두', '번', '더', '냄새', '요', '엊그제', '비트', '때', '안', '냄새', '세탁', '상관', '듯', '해', '만', '건가', '세제', '건가', '뒤', '설명', '대로', '것', '어디', '요', '혹사', '뚜껑'","[""1. 파란색이죠?'18.8.7 12:20 PM (210.205.xxx.16)저 그거 사고 원글님과 동감...화장실 청소할때나 쓰고 있는데 양도 많아요ㅠ저는 다른걸로 다시 샀어요.\t\t\t2. ---'18.8.7 12:21 PM (121.160.xxx.74)퍼실 쓸때는 잘 몰랐는데 무향 넬리 소다 세제로 바꾸니 퍼실 냄새가 독한거더라구요. 퍼실 양을 조금만 쓰셔도 되요. 세제 양을 줄이세요.\t\t\t3. 진짜'18.8.7 12:24 PM (211.36.xxx.74)퍼실 냄새 너무 독해요ㅠㅠ전 아기있는집 좁은데라 창 닫아놓으면 머리가 아플지경줄이고 즐여서 머무 오래써요...아기옷은 아기세제 쓰는데 남편옷 빨때마다 너무 쎄요\t\t\t4. ㅇㅇ'18.8.7 12:26 PM (223.62.xxx.79)향이 진해 오래 가긴하는데그게 노인냄새인가요??\t\t\t5. ..'18.8.7 12:26 PM (175.119.xxx.68)퍼실 컬러 아무리맡아도 저는 땀 냄새랑 똑같더라구요. 몇개쓰다 팔았어요\t\t\t6. 그냥'18.8.7 12:29 PM (1.235.xxx.182)퍼실 드럼 파우더 세제 진짜 너무 좋았는데.....액상은 때도 잘 안지고, 헤푸고,냄새도 독하고 나빠요.\t\t\t7. 냄새'18.8.7 12:32 PM (168.126.xxx.50)네 ,파란색 맞아요!! 양도 많아요 ㅠ비트 신청했어요저랑은 안 맞는 세제네요 ㅠ화장실 청소도  냄새날 것 같아요ㅠ락스라도 타서 써버려야 겠어요아 ...락스타면 옷에 흔적남는데 ...\t\t\t8. 저도'18.8.7 12:38 PM (180.66.xxx.161)첨 나왔을 때 한번 써보고 다시는 안사요. 그 특유의 냄새가 너무 싫던데 나만 그런가가 했죠\t\t\t9. ...'18.8.7 12:43 PM (14.39.xxx.18)세제 정량으로 써서 세탁하니까 세제 냄새가 너무 안난다 싶게 빨래에는 향이 안남던데요.\t\t\t10. 신비로운'18.8.7 12:46 PM (122.40.xxx.135)뚜껑열어 붓기만해도 냄새에 얼굴 돌리게 되던데지독한 화학물질 냄새로 암걸리겠다 싶어서\t\t\t11. 라벤더'18.8.7 12:51 PM (211.38.xxx.42)퍼실파벤더는 괜찮던데...아..노인냄새라니..ㅠ.ㅠ 청소하기도 그러시겠어요~\t\t\t12. ㅇ'18.8.7 12:56 PM (121.147.xxx.227)퍼실은 녹색이 향기가 좋은데 파랑색은 독하드라구요\t\t\t13. ㅡㅡ'18.8.7 1:27 PM (112.150.xxx.194)퍼실인지는 모르겠는데.베린다 창으로 늘 머리아픈 세제냄새가 들어와요.환기하다가 깜놀합니다.;;\t\t\t14. ..'18.8.7 1:34 PM (123.176.xxx.145)파란색 향이 안좋군요.전 초록색 쓰는데 거부감 없거든요.\t\t\t15. ㅇㅇ'18.8.7 1:37 PM (218.237.xxx.203)국내라이센스로 바뀌고 냄새 이상해서 안샀는데요즘은 원산지 어디에요?\t\t\t16. 그게'18.8.7 1:42 PM (61.84.xxx.134)독일 살때는 퍼실만 썼어요. 가루였구요. 세제냄새 이상한거 몰랐는데 한국 퍼실은 세척력도 안좋고 냄새도 이상해요. 뭘로 바꿔야할지 난감해요.어떤 세제 쓰세요? 드럼이구요.\t\t\t17. ..'18.8.8 2:27 AM (211.217.xxx.102)색깔은 정확히는 모르겠고 파워젤(초록색 추정) 냄새도 좋고 세척력도 좋은거 같아서 만족하여 이번에 프리미엄컬러젤 샀는데 이건 냄새가 별로 맘에 안드네요. 빨리 쓰고 파워젤로 돌아가려구요.\t\t\t""]",82cook,https://www.82cook.com/entiz/read.php?bn=15&num=2612498&page=1&searchType=search&search1=1&keys=%ED%8D%BC%EC%8B%A4+
2,퍼실 ,"
		작성일 : 2018-05-04 08:57:23		",제 목 :  퍼실 여러 종류중에 뭐가 좋은가요?,	 피지 액상세제 쓰고 있는데 앞으로 여러 종류 고루 써보고 정착하려 합니다. 퍼실도 종류가 많던데 세척력 좋고 향도 괜찮은거 뭐 있을까요? 드럼세탁기 쓰고 있습니다. 식초세제인가도 행사하던데 품질 어떤가요?	,"'피지', '액', '세제', '앞', '여러', '종류', '고루', '보고', '정착', '퍼실', '종류', '세척', '향', '거', '뭐', '드럼세탁기', '식초', '제인', '가도', '행사', '품질', '가요'","[""1. 음'18.5.4 9:41 AM (125.178.xxx.162)http://v.media.daum.net/v/20180315070024810퍼실 얼마전에 기사났던데, 한번 읽어보세요.\t\t\t""]",82cook,https://www.82cook.com/entiz/read.php?bn=15&num=2555585&page=1&searchType=search&search1=1&keys=%ED%8D%BC%EC%8B%A4+
3,퍼실 ,"
		작성일 : 2018-03-27 17:35:47		",제 목 :  퍼실 라벤더 쓰는데요.,냄새가 너무 강해서 고민입니다.앞베란다에 세탁기가 있는데 베란다 문을 열고 나가면 퍼실 라벤더의 응집 된듯한 진한 향기때문에 괴로워요..이불에서도 나고...퍼실 초록색을 쓰다가 냄새가 강해서 라벤다로 바꿨는데 도저히 쓰기 힘드네요.인터넷으로 구매해서 아직 많이 남았는데..저만 유난떠는건지 알 수가 없네요. ,"'냄새', '고민', '앞', '베란다', '세탁기', '베란다', '문', '퍼실', '라벤더', '응집', '향기', '때문', '이불', '퍼실', '초록색', '냄새', '벤다', '도저히', '쓰기', '인터넷', '구매', '유난', '알', '수가'","[""1. 퍼실'18.3.27 5:40 PM (223.62.xxx.213)향이 너무 강해서 한번 쓰고 다시는 안써요.세탁후에도 냄새 남아 있고...\t\t\t2. ㅡㅡㅡ'18.3.27 5:49 PM (115.161.xxx.8)얼마전에 퍼실 문제되지 않았나요...\t\t\t3. ...'18.3.27 6:03 PM (220.117.xxx.161)저도 초록색만 쓰다가 전에 한번 세일 품목 사느라고 라벤더 향은 아니고아마 파란 색을 샀던 것 같은데 그것도 향이 너무 강해서다시 초록색 사서 반반 섞어 썼어요. 그래도 향이 강하긴 했는데 바싹 마르면 대충 괜찮아지더라구요바지 고무줄 부분 같은 곳은 묘하게도 향이 끝까지 남아있었구요. 문제가 됐던 퍼실은 다른 제품이예요.\t\t\t4.  알맞는 양'18.3.27 10:35 PM (211.221.xxx.227)티비프로에서 세제 알맞는 양을 보여주는데 생각보다 양이적더군요.양을 줄이고 나니 퍼실냄새 전혀 안나고 좋습니다.\t\t\t""]",82cook,https://www.82cook.com/entiz/read.php?bn=15&num=2532142&page=1&searchType=search&search1=1&keys=%ED%8D%BC%EC%8B%A4+
4,퍼실 ,"
		작성일 : 2018-03-12 06:06:57		",제 목 :  퍼실이 왜 안 좋다는거죠? 써도 되나요?ㅠ,	 드럼세탁기는 퍼실만 쓰고 있는데.. 써도 괜찮은건지..아니면 다른 제품 사용해야 하는거면 어떤게 좋은지 추천 좀 부탁드립니다.가끔 질문하면 백화점이나 면세점에서 살 수 있는 해외 브랜드 답 하시는 분들 있는데 그런 것 말고 일반 가성비 좋은 제품이나생협에서 살 수 있는 것들로 알려주시면 감사하겠습니다. ,"'드럼세탁기', '퍼실', '다른', '제품', '사용', '추천', '좀', '가끔', '질문', '백화점', '면세점', '살', '수', '해외', '브랜드', '답', '것', '일반', '가성', '비', '제품', '생협', '살', '수', '것'","[""1. ...'18.3.12 7:06 AM (211.36.xxx.47)제품명에 컬러가 들어간 것만 걸렸던데요\t\t\t2. 저도'18.3.12 7:42 AM (124.54.xxx.150)퍼실한번쓰고 냄새가 넘 독해서 못쓰겠던데요\t\t\t3. ..'18.3.12 8:02 AM (180.230.xxx.90)저도 퍼실은 냄새가 너무 강해요.역겹고.윗층에서  세탁 배수 내려올 때  퍼실은 냄새가 확 나네요.\t\t\t4. ᆢ'18.3.12 8:13 AM (175.117.xxx.158)그냄새가 너무 독종이라 생각해요 하루종일 냄새나요 머리띵하게\t\t\t5. ...'18.3.12 8:34 AM (121.124.xxx.53)저도 퍼실샀다가 너무 냄새가 독해서 그거 쓰고 재구매 안했는데 그거 쓰고 나니 지나가는 사람들 옷들에서 나는 냄새를 단번에 알아보겠더라구요.냄새 너무 독해요.\t\t\t6. 저도'18.3.12 9:13 AM (1.240.xxx.91)초록색 퍼실 썼다가 냄새 독해서..보라색으로 바꿔볼까 했는데 그건 좀 낫겠죠..아직 사진 않았는데\t\t\t7. 느리게가자'18.6.27 9:44 AM (211.185.xxx.49)보라색도 별로예요. 아들이 하는말, 교실들어가면 나는 냄새래요. 많이들 쓰는 모양인데 저에겐 넘 냄새가 강해서 ㅜ\t\t\t""]",82cook,https://www.82cook.com/entiz/read.php?bn=15&num=2522716&page=1&searchType=search&search1=1&keys=%ED%8D%BC%EC%8B%A4+
5,퍼실 ,"
		작성일 : 2017-12-25 19:14:00		",제 목 :  퍼실 하이진젤이 때가 덜빠지는거죠ㅜ,	 이번에 하이진젤2개샀는데 때가 그냥 퍼실보다 덜 빠지고 뻣뻣해지는것같아요 ㅜ 이럴땐 베이킹소다를 넣음 때가좀 빠질까요 흰색속옷도 새하얗지가않아요 그리고 부부세탁찌든때에 좋은세제 추천부탁합니다	,"'이번', '하이', '진젤', '개', '때', '그냥', '퍼실', '덜', '땐', '베이', '킹소', '때', '좀', '요', '흰색', '속옷', '새', '부부', '세탁', '때', '세제', '추천', '부탁'","[""1. ...'17.12.25 7:51 PM (110.12.xxx.161)과탄산 추천합니다.근데 찬물에는 잘 안녹아서따로 녹여 넣거나온수로 돌려야 합니다.\t\t\t""]",82cook,https://www.82cook.com/entiz/read.php?bn=15&num=2476413&page=1&searchType=search&search1=1&keys=%ED%8D%BC%EC%8B%A4+
6,퍼실 ,"
		작성일 : 2017-09-12 10:16:23		",제 목 :  새로나온 퍼실퓨어프레쉬(파란통)랑 하이진젤 써보신분 계세요?,"원래 그냥 컬러젤로 나왔었는데 컬러젤 퓨어프레쉬라고 새로 이름붙여 나오더라구요이전 컬러젤 썼을때 향이 괜찮았는데 퓨어프레쉬는 향이 전과 같은지, 다르게 나오는지 궁금해서요.사실 하이진젤 진드기 없애준대서 써보고싶은데 향이 너무 별로예요..향 금방 날아가면 하이진젤 한번 써볼까싶은데 하이진젤 쓰는분들 계시면 이것도 좀 알려주세요ㅠ  ","'원래', '그냥', '컬러', '젤로', '컬러', '젤', '퓨어', '프레', '쉬', '이름', '이전', '컬러', '젤', '때', '향', '퓨어', '프레', '향', '전과', '사실', '하이', '진젤', '진드기', '대서', '향', '별로', '향', '금방', '하이', '진젤', '한번', '하이', '진젤', '분', '계시', '것', '좀'","[""1. ....'17.9.12 12:56 PM (117.111.xxx.6)하이진젤 너무 독해서 세제 부을때 마스크 써야해요 장미에도 냄새는 없더군요\t\t\t""]",82cook,https://www.82cook.com/entiz/read.php?bn=15&num=2418595&page=1&searchType=search&search1=1&keys=%ED%8D%BC%EC%8B%A4+
7,퍼실 ,"
		작성일 : 2017-06-23 23:27:03		",제 목 :  퍼실 향이 넘 세네요.. 푸념 및 문의,"	 안녕하세요ㅡ얼마전 세탁기냄새 이야기도문의드렸는데,청소하고나서, 세제도 기존게 엘지생활건강 파워  액체세제인가.. 홈페이지 설명에도 없는거 ㅜㅜ..해서 퍼실인가 액체 어디서 얻어왔는데 완전 향이 그냥! ㄷㄷ어우..다신 안쓴다 요러고 푸념하네요.어디서 얻어온것중에 테크인가? 그것 리필형 팩도있던데테크 액체세제가 내부액체가 원래 녹색인가요? 파란 블루는 아니던데..광고보면 파란색이던데..이게 어디 구석에 박혀있던건데 변질이 되어서 색 변한거면 버리게요ㅡ이제 남은샘플은 피지? 정도고, 나중에 향 약한세제찾아 마트 누벼야겠어요 ㅜㅜ!세제 고민인 밤에 푸념드렸네요ㅡ^^노하우같은거 말해주시면 감사하겠어요! ","'얼마', '전', '세탁기', '냄새', '이야기', '도문', '청소', '세제', '기존', '엘지', '생활', '건강', '파워', '액체', '세제', '홈페이지', '설명', '퍼실', '액체', '완전', '향', '그냥', '어우', '요러', '푸념', '것', '테크', '그것', '리필', '팩', '테크', '액체', '세제', '내부', '액체', '원래', '녹색', '파란', '블루', '광고', '파란색', '던데', '이', '어디', '구석', '변질', '색', '이제', '샘플', '피지', '정도', '나중', '향', '세제', '마트', '누', '세제', '고민', '밤', '푸념', '노하우', '말'","[""1. ..'17.6.24 12:20 PM (175.223.xxx.98)아주아주조금넣으세요병아리눈물만큼?저도 향 너무 독해서진짜티스푼만큼씩넣었어요일년쓴듯\t\t\t""]",82cook,https://www.82cook.com/entiz/read.php?bn=15&num=2371552&page=1&searchType=search&search1=1&keys=%ED%8D%BC%EC%8B%A4+
8,퍼실 ,"
		작성일 : 2017-03-06 22:43:44		",제 목 :  퍼실 진 파랑색이 가장 좋은건가요?,"퍼실이 하늘색,초록색,진 파랑색,보라색 네가지가 있죠?진 파랑색이 가장 세처력이 좋은건가요?	","'퍼실', '하늘색', '초록색', '진', '파랑색', '보라색', '네가지', '진', '파랑색', '가장', '처', '건가'","[""1. ᆢ'17.3.6 10:53 PM (221.146.xxx.73)진드기사체 없애준다는거 하이진 쓰면서부터 코가 덜 막혀요.   비염 완화에 효과 있는 듯\t\t\t2. 님 감사해요!'17.3.6 11:23 PM (211.245.xxx.213)무플 절망 중이였는데 소중한 정보 주셔서 너무 감사드려요진 파란색 이름이 유로피안 이라고 하더라구요이게 진드기 사체 없애 준다는 하이진 인가요?아님 별도 구매하는건가요?\t\t\t3. ᆢ'17.3.6 11:27 PM (221.146.xxx.73)하이진젤 유칼립투스파워요\t\t\t4. 님 감사해요!'17.3.7 1:17 AM (211.245.xxx.213)님~ 다시 알려주셔서 진심으로 감사드려요!\t\t\t""]",82cook,https://www.82cook.com/entiz/read.php?bn=15&num=2297893&page=1&searchType=search&search1=1&keys=%ED%8D%BC%EC%8B%A4+
9,퍼실 ,"
		작성일 : 2017-01-29 13:34:00		",제 목 :  퍼실 세제 너무 독한데 왜 잘 팔리나요?,	 홈쇼핑에서 좋다고 해서긴가민가하고 사봤는데너무 골치가 아플 정도로 향이 독해서 머리가 아파요.그런데 이 퍼실이 전세계적으로 제일 많이 팔린다고 광고하는데왜 잘팔리는지 이유가 있나요?제게는 너무 안맞네요. ,"'홈쇼핑', '골치', '정도', '향', '머리', '이', '퍼실', '전세계', '제일', '광고', '왜', '이유', '게'","[""1. ㅡㅡ'17.1.29 1:42 PM (182.221.xxx.13)저도 너무 괴롭네요침대매트랑 이불커버를 퍼실로 빨아 말려 덮고 잔날 밤새 잠못자고 뒤척였어오ㅡ버리지도 못하고 양을 대폭 줄여 쓰고 빨래를 널면 베란다 바깥창문을 조금 열어놓구 삼일을 그대로 널어두니 향이 그나마 빠져서 입을만합니다이거 다 쓰면 절대 안살꺼예요\t\t\t2. 퍼실향'17.1.29 1:48 PM (223.62.xxx.30)너무 독해서 다시는 안삽니다.세제마다 특유의 향이 있는거 같아요.\t\t\t3. 퍼실'17.1.29 1:52 PM (121.131.xxx.167)라벤더 향은 그리 안독해요~혹시 양을 많이 쓰시는건 아닌지요?\t\t\t4. ....'17.1.29 2:01 PM (125.182.xxx.217)라벤더 쓰는데 향 안나요 그래서 젤 싼가요 어쨋든 조금 넣어도 빨래는 잘되요\t\t\t5. 내말이'17.1.29 2:10 PM (175.223.xxx.81)난 그걸로 빨았던옷입고 나서  중딩때 사라진 아토피가  도져서 개깜놀했어요분명 피부나 호흡기에 안좋은듯..\t\t\t6. ㅇㅇ'17.1.29 2:25 PM (110.70.xxx.168)저도 홈쇼핑에서 오리털 파카 묵힌냄새 빼준다는 말에 혹해서 샀다가 낭패봤네요.  머리가 아파요.\t\t\t7. ..'17.1.29 3:01 PM (211.104.xxx.205)퍼실 향이 독한가요? 전 전혀 못느끼는데.. 세제를 많이 쓰지 않아서 그런가 빨아서 널어 말리면향 하나도 안 나던데요.\t\t\t8. 비싸네요'17.1.29 3:26 PM (59.21.xxx.11)때 잘 빠지고 향기도 좋은데...비싸서 안씁니다\t\t\t9. ㅇ'17.1.29 3:38 PM (211.48.xxx.153)향기가  너무  독하고 안좋아서  토할것같아요  사놓고  두번쓰고  쳐박아뒀네요 저는  엘지 테크가 훨씬  좋은듯해요\t\t\t10. ㅇ'17.1.29 3:39 PM (211.48.xxx.153)저는  하늘색 썼는데  향기가 넘 싫어요  다른색도  이런향인지\t\t\t11. 라벤더'17.1.29 5:07 PM (124.59.xxx.86)저는 처음 퍼실 사용할 때 부터 라벤더 쓰는데 향 강하지 않던데요몸으로 피부로 느끼면 어쩔수 없지만저는 때가 참 잘 지워져서 만족 하거든요\t\t\t12. ᆢ'17.1.29 5:58 PM (49.174.xxx.211)위윗분 앗  나도 가려움증 생겼는데 그래서  그런가 ???\t\t\t13. 세제양을'17.1.29 8:25 PM (116.36.xxx.104)아주 조금만씁니다. 그래도 확실히 빨래가 깨끗하게 되니 쓰네요. 조금쓰니 향 독하지않고 식초로 마지막헹굼하니 좋아요.\t\t\t""]",82cook,https://www.82cook.com/entiz/read.php?bn=15&num=2275482&page=1&searchType=search&search1=1&keys=%ED%8D%BC%EC%8B%A4+
10,퍼실 ,"
		작성일 : 2016-10-03 22:13:37		",제 목 :  이게 퍼실 냄새였군요...,퍼실 냄새 ..너무 머리아파요.. 코를 찌르는 듯.. ,"'퍼실', '냄새', '머리', '코', '듯'","[""1. anab'16.10.3 10:17 PM (118.43.xxx.18)우리집도 퍼실만 썼는데 아들 옷에서 쉰내가 너무 나서 안써요\t\t\t2. qqq'16.10.3 10:18 PM (211.244.xxx.154)옥돔을 락스맛으로 먹나? 했던 생각이 뜬금없이 드네요.마지막 헹굼을 식초로 해보세요.\t\t\t3. 그런가요'16.10.3 10:28 PM (125.187.xxx.67)전 제옷냄새 맡아도 쉬내같은거 안나는데요저두 퍼실쓰거든요\t\t\t4. 저도'16.10.3 10:31 PM (124.53.xxx.27)퍼실 냄새 별로라 한번 써보곤 안삽니다..\t\t\t5. 저는'16.10.3 10:33 PM (119.70.xxx.159)리큐 액체세제.그 냄새때문에 죽겠어요.이불장을 열면 완죤 구린내ㅡ\t\t\t6. Zzz'16.10.3 10:33 PM (1.253.xxx.161)파란색이에요. 향이란게 워낙 개인마다 다르니까요..저하고는 안 맞는 것 같아요.  가격도 비싸던데..저는 코를 찌르는 같아요.\t\t\t7. ㅇㅇ'16.10.3 10:38 PM (14.34.xxx.217)타이드 노란색...완전 구려요.\t\t\t8. 샤방샤방'16.10.3 10:53 PM (112.148.xxx.72)저는 보라색 연두색 쓰는데,냄새개 진하긴한데,뭔가 빨래한 냄새가 나서 괜찮은데요,다른건 빨래 한 냄새가 안나서요,세척력도 괜찮구요,아,저는 따로 섬유유연제를 쓰기 싫어서 안쓰거든요,\t\t\t9. 저도'16.10.3 11:12 PM (58.231.xxx.76)4통짜리 아는 엄마랑 2통 나눠서 써보고는다시는 안써요.\t\t\t10. 헹굼5회'16.10.3 11:13 PM (119.204.xxx.179)저도 퍼실 녹색 쓰는데 저는 오히려 다른 세제 쓸땐 쉰내가 났는데 퍼실 사용후엔 세제 냄새만 은은하게 남아서 지금은 퍼실만 사용해요. 향이 독하긴 해요. 저는 세제 양도 아주 적게 사용하고 헹굼 5회 합니다. 섬유 유연제 사용 안하구요. 저에게 향은 녹색이 제일 낫더군요. 애 어릴땐 천연세제 사용했는데 그땐 항상 수건 삶으면서 세제 용출되게 하느라 뜨거운 물로 세탁을해서 그런지 쉰내 난적이 한번도 없었어요.\t\t\t11. 퍼실'16.10.3 11:36 PM (223.62.xxx.43)퍼실같은 고농축은 적게 넣고 쓰셔야합니다. 양조절이 잘 안된것 같아요~정말 소량으로도 거품 잘 납니다. 저는 퍼실쓸때 뚜껑 아래부분까지만 덜어서 써요~ 중간에 돌리는 튀어나오는 부분 바로 아래선까지요~ 그럼 은은하게 향기 나요~ 저도 파란색 쓰고있어요\t\t\t12. 저는'16.10.4 2:57 AM (58.234.xxx.243)퍼실 연두색 5년 썼는데 세제 아주 적게 넣고도 세척력도 좋고 세제가 남은 듯한 느낌도 없고 향도 좋은건 아니지만 나름 괜찮았어요홈쇼핑에서 7개 사서 5년 동안 썼다면 큰 효자 세제죠아주 소량만 넣어도 세척력 좋게 세탁이 되니까요쉰내 전혀 안 났구요 제 주변에 퍼실 쓰는 사람들 몇 있는데 쉰내 난다는 말 못 들었어요\t\t\t13. 퍼실향'16.10.4 12:22 PM (119.70.xxx.59)저도 일반 가루세재에서 나는 쿰쿰한 냄새 때문에 퍼실로 바꿨어요.퍼실로 바꾸고 나서는 의류에서 쿰쿰한 냄새 안나요.세재 정량으로 하고 잘 말리면 뽀송한 느낌이 드는 향이 좋아 어떨때는 유연제도 안써요~\t\t\t14. 저는'16.10.4 12:39 PM (147.6.xxx.61)퍼실 냄새는 잘 몰겠고 유럽 일년 살때 아는게 퍼실밖에 없어서 퍼실 처음 써보고는 세정력에 감탄했네요. 여기와서도 써야지 했는데, 그냥 마트에서 세일하는거 위주로 사게 되네요 ㅎㅎ\t\t\t15. ...'16.10.4 12:46 PM (118.176.xxx.202)가루세제는세제 덩어리가 안풀려서 안써요.액체세제 리큐 안 쓰시는 분은 그럼 어떤거 쓰세요?\t\t\t16. ..'16.10.4 2:06 PM (223.62.xxx.84)리큐 쓰는데 좋은 세제 좀 추천해주세요.이참에 바꿔보게요\t\t\t17. ㅇㅇㅇ'16.10.4 2:48 PM (203.251.xxx.119)전 퍼실 냄새가 싫어서 안써요\t\t\t18. ..'16.10.4 3:19 PM (116.126.xxx.4)혹시 캡슐에 들은 퍼실인가요 파란색. 세탁할려고 내놓은 빨래바구니에 있는 빨래냄새같아서 저는 팔았어요\t\t\t19. 전'16.10.4 4:00 PM (223.62.xxx.89)보라색 퍼실 쓰는데 이유중 하나가 향이 좋아서인데요... 얼마전에 파란색 사은품으로 받아 써보고 이건 빨래하고 나니 머리가 아프더라고요..\t\t\t20. 독해'16.10.4 4:45 PM (106.102.xxx.235)퍼실은  주방세제도 향기가 너무 시큼하고  거품이계속나서  헹굼이  오래걸려요  거품많이 나는것도 안좋다고하든데  퍼실  다우니 향 너무 싫어요\t\t\t21. 이상'16.10.4 5:24 PM (203.238.xxx.63)보라색인데 향 좋은데요?\t\t\t22. 그럼'16.10.4 5:24 PM (125.129.xxx.159)냄새 전혀 없는 세제 좀 소개해 주세요~ 제발...비트는 어떤가요? 드럼용.\t\t\t23. ..'16.10.4 6:15 PM (197.53.xxx.109)보라색이 좋군요. 저도 파란색은 향기 별로라.\t\t\t24. 퍼실 파란색'16.10.4 6:20 PM (119.195.xxx.215)냄새 최악인거 같아요 사은품 받아서 써봤는데 냄새가 너무 이상해서새로 빨래 해야 되나 싶었네요\t\t\t25. ...'16.10.4 8:43 PM (58.141.xxx.87)몇년전에 어떤분이 몸에(배쪽같아요) 뭐가 자꾸나서ㅍㅅ 세제를 딴거로 쓰니 싹 나았다고....여기서 읽고 퍼실만 보면 그 문장이 생각나서....혹시 저 말고 그 글(리플이였어요) 읽었던분 계실까요?\t\t\t26. ...'16.10.4 10:20 PM (39.117.xxx.22)저도 몇년째 퍼실 쓰는데 향 괜찮은데요.제 주위도 그거 쓰시는 분 많고요. 저 윗분 말대로 적정량을 쓰시면 괜찮으실듯\t\t\t""]",82cook,https://www.82cook.com/entiz/read.php?bn=15&num=2200281&page=1&searchType=search&search1=1&keys=%ED%8D%BC%EC%8B%A4+
11,퍼실 ,"
		작성일 : 2016-08-08 16:29:45		",제 목 :  퍼실도  안좋은가요?,	 락스  논쟁  글  보고  정말  궁굼해  여쭤  봅니다전  가루  세제  안  쓰고  퍼실 사용하는데 퍼실도  우리  몸에  안좋은가요? ,"'락스', '논쟁', '글', '보고', '정말', '궁굼해', '가루', '세제', '안', '퍼실', '사용', '퍼실', '우리', '몸'","[""1. 계면활성제'16.8.8 4:30 PM (14.52.xxx.171)들어간 화학약품이 좋을리가 없죠\t\t\t2. ...'16.8.8 5:34 PM (203.244.xxx.24)가루보다는 액체라서 잔존성분은 적다고는 하지만....요즘엔 정말 못믿겠어요.그래서 가능한 많이 헹구고 있어요.\t\t\t""]",82cook,https://www.82cook.com/entiz/read.php?bn=15&num=2167384&page=1&searchType=search&search1=1&keys=%ED%8D%BC%EC%8B%A4+
12,퍼실 ,"
		작성일 : 2016-06-10 09:33:17		",제 목 :  퍼실 냄새가 독한가요,	 홈쇼핑에서 퍼실 컬러젤을 사서처음 사용해봤는데요냄새가 너무 강력해서 머리가 아파요.퍼실 좋다고 유명해서 사봤는데이렇게 냄새가 강한거였나요?이런 향을 좋아하는 사람도 정말 진심인지 궁금해요.세제를 많이 넣어서 그런지 때믄 잘 빠진거 같은데어찌해야할 지 모르겠네요. ,"'홈쇼핑', '퍼실', '컬러', '젤', '사서', '처음', '사용', '냄새', '머리', '퍼실', '냄새', '향', '사람', '정말', '진심', '세제', '때', '어찌'","[""1. 퍼실'16.6.10 9:37 AM (175.223.xxx.43)연두색이요 보라색이요?보라색은 좀 낫구요. 연두색은 오랜만에 쓰니 진짜 냄새 역하더라구요그거보다 더 독한건 퍼실 캡슐형이건 진짜 욕나와요. 좋지도 않은 향이 강하기까지 해요\t\t\t2. ..'16.6.10 9:38 AM (210.217.xxx.81)다 향이 엄청 찐하다고 하더라구요아직 안써봤습니다..\t\t\t3. yaani'16.6.10 9:40 AM (223.62.xxx.64)강하더라구요.\t\t\t4. 호불호가'16.6.10 9:42 AM (175.118.xxx.178)심하게 갈리죠.연두색은 정말 울렁거릴 정도로 진해요.섬유유연제 냄새가 묻힐 정도로..안 써도 될 정도로 강합니다.베란다 문 활짝 열어도 집안에 냄새가 베어서 전 힘들었어요.남편은 미국 세탁소 냄새 난다고 좋아하고..ㅜ\t\t\t5. 어떤 냄새인데요?'16.6.10 9:45 AM (183.98.xxx.196)궁금 설마 땀낸새보단 났겠죠 ㅋㅋㅋ\t\t\t6. 강해요'16.6.10 9:53 AM (220.67.xxx.168)그나마 보라색이 향이 덜해요..근데 세제를 조금만 써보세요~~ 저도 뚜껑에 하나 가득 넣고 빨았는데 한 반 정도만 넣어서 세탁해보니 괜찮더라구요..세제양을 줄여보세요\t\t\t7. 호불호가'16.6.10 9:59 AM (175.118.xxx.178)차라리 땀냄새가 나을 정도로 전 속 울렁거리고 힘들었어요.두통까지 옵디다.-_-\t\t\t8. .........'16.6.10 10:12 AM (121.150.xxx.86)독일제 퍼실은 국산꺼만큼 향이 독하지 않아요.한국산 퍼실은 국내 제조하죠.\t\t\t9. 연두색'16.6.10 11:18 AM (211.57.xxx.114)연두색 일반세탁기용 쓰고 있는데요향이 너무 독해요 ㅠㅠㅠㅠㅠㅠ게다가 빨래를 바로 널지 않고 세탁기에 조금만 방치해도 그 향과 결합해서 걸레냄새 작렬!!!!헬스장에서 주는 옷에서 나던 세제냄새 쩔은 땀냄새랑 너무 비슷해요 ㅠㅠㅠㅠ빨래 널고나면 창문을 꼭 열어둬야되드라구요 ...아직 많이 남았는데 언제 다 쓸지 ㅠㅠㅠㅠㅠㅠ\t\t\t10. 와 진짜'16.6.10 11:38 AM (219.254.xxx.88)베란다에서 역한냄새가 한동안 진동해서 원인 찾아보니 아랫집에서 올라오는 세제냄새인거 같았어요.어느날 생각없이 퍼실사와서 세탁했는데 토나올거같은 ㅜㅜ한번쓰고 버렸어요.저는 도저히 못쓰겠더라구요.며칠전 마트서 세제사려고 기웃거리는데 판매사원이 어떤제품 뚜껑열어 보여주는데 퍼실향이;; 예의가 아니지만 순간적으로 웩~해버렸어요.죄송해서 혼났네요ㅠ그나저나 아랫집은 몇년째 퍼실만 쓰네요\t\t\t11. ㅇㅇ'16.6.10 12:16 PM (112.168.xxx.228)퍼실  저한테는 향이 넘 별루에요  다우니도 향 너무 싫어요  토할것같음\t\t\t12. 보라색 4통'16.6.10 2:58 PM (58.231.xxx.76)공동구매로 나눴는데후회중독해요.몸에 엄청 안좋을것같은 느낌한통남은거 빨리 써버리게요.사실 그 모델 김남주가 싫어서안사려다가 나눈건데.\t\t\t13. ...'16.6.10 5:43 PM (222.106.xxx.213)전 퍼실 향이 부족하다고 느끼는데 제가 세제를 적게 넣어서 그럴까요?\t\t\t""]",82cook,https://www.82cook.com/entiz/read.php?bn=15&num=2134919&page=1&searchType=search&search1=1&keys=%ED%8D%BC%EC%8B%A4+
13,퍼실 ,"
		작성일 : 2016-05-14 00:37:39		","제 목 :  퍼실이 냄새 독하다는데 초록색, 보라색 어느게 덜 한가요?",	 세제가 마음에 드는게 없어서 퍼실 싸보려고요냄새가 독하다고 하네요초록과 보라색중 어느것이 냄새가 덜 독한가요?	,"'세제', '마음', '퍼실', '냄새', '초록', '보라색', '것', '냄새', '덜'","[""1. 날팔이'16.5.14 12:52 AM (125.131.xxx.34)초록이 청량감이 있어서 나아요\t\t\t2. 어머,'16.5.14 12:53 AM (175.209.xxx.57)저 퍼실 쓰는데 냄새가 독한지도 몰랐네요...맨날 같은 것만 써서 그런가봐요..저는 라벤더 써요..\t\t\t3. 헉'16.5.14 12:55 AM (112.150.xxx.63)저는 초록색만 써봤는데냄새 너무 독해서 괜찮다하는 지인 다 줬었어요.옛날 가루로 된게 좋았었는데....\t\t\t4. ..'16.5.14 1:55 AM (220.70.xxx.227)초록색 - 지독보라색 - 좀 덜함\t\t\t5. ㅇㅇ'16.5.14 8:16 AM (39.7.xxx.251)보라색이 나아요. 보라색은 은은하게 나는 듯 마는 듯 하는데초록색은 적게 넣어도 좀 역한 냄새가 나요예전엔 좋다고 느꼈는데 오랜만에 초록 쓰니 향 너무 강하고 역해요\t\t\t""]",82cook,https://www.82cook.com/entiz/read.php?bn=15&num=2120214&page=1&searchType=search&search1=1&keys=%ED%8D%BC%EC%8B%A4+
14,퍼실 ,"
		작성일 : 2016-03-23 22:26:18		",제 목 :  퍼실 냄새,	 계속 퍼실 라벤더만 썼는데 별 냄새 안났거든요.새로 세제를 사야되는데 퍼실이 좀 싸게 나왔네요.퍼실 냄새가 구리니 어쩌니 하던데라벤더하고 많이 차이나나요?	,"'계속', '퍼실', '라벤더', '별', '냄새', '세제', '퍼실', '좀', '퍼실', '냄새', '어쩌', '라벤더'","[""1. 독해요'16.3.23 10:33 PM (119.66.xxx.93)초록색 냄새 너무 독해요\t\t\t2. ㅇㅇ'16.3.23 10:51 PM (175.223.xxx.133)저는 왜 퍼실 냄새 이상하다 하는지 모르겠어요. 빨래 말릴때 그냥 은은한 정도거든요. 저는 섬유유연제를 안 써서 그 향이 좋아요.\t\t\t3. 저두요'16.3.23 11:16 PM (121.179.xxx.225)퍼실 좋아서 썼는데 캡슐?형 처럼 나온거  사서 쓴 뒤로 집안에 독한 냄새가 나서 겨울 내 고생했어요ㅠ첨엔 그냥 환기 문제인줄 알았는데  세제향이더라구요ᆞ이번엔 그래서 라벤더로 바꿨는데ᆢ 이것도 그러면 세제 바꿔야겠어요ᆞ너무너무 독해요ㅠ\t\t\t4. ㅇㅇ'16.3.23 11:21 PM (175.223.xxx.133)맞아요. 캡슐형 이거는 냄새 너무 독하고 완전 세제 냄새죠. 이건 사서 두번 쓰고 방치중이예요. 원산지도 헝가리인가 그래요\t\t\t5. 윽..초록색'16.3.23 11:28 PM (211.36.xxx.30)속이 울렁울렁 해요. 그 냄새\t\t\t6. 저도'16.3.24 12:09 AM (182.226.xxx.200)퍼실 은은하게 좋은데 말이죠.라벤다 좋아서 쭉 쓸래요\t\t\t""]",82cook,https://www.82cook.com/entiz/read.php?bn=15&num=2091262&page=1&searchType=search&search1=1&keys=%ED%8D%BC%EC%8B%A4+
15,퍼실 ,"
		작성일 : 2016-03-01 22:20:01		",제 목 :  퍼실 파워젤(초록색) 세제 냄새...너무 많이 넣은건가요?,그동안 액츠 리퀴드 세제 썼었는데 퍼실 (퍼실 파워젤 초록색)이 세정력이 좋다고 해서 바꿔봤어요.근데 반의 반밖에 안넣었는데세제 냄새가 온 집안에 진동을 하네요.통돌이 세탁기의 1-9 까지의 물의 양에서4 레벨로 물을 넣고오늘 퍼실 뚜껑의 반보다 조금 더 (45ml) 넣었거든요.이만큼이 양이 많은 건가요?세제를 좀 줄이면 냄새가 덜 나는지아니면 원래 퍼실 세제 냄새가 이리 강한지 처음이라 잘 몰라서요.ㅠㅠ ,"'그동안', '액츠', '리', '퀴드', '세제', '퍼실', '퍼실', '파워', '젤', '초록색', '이', '정력', '반의', '반', '세제', '냄새', '온', '집안', '진동', '통', '돌이', '세탁기', '물의', '양', '레벨', '물', '오늘', '퍼실', '뚜껑', '반', '조금', '더', '만큼', '양', '건가', '세제', '좀', '냄새', '덜', '원래', '퍼실', '세제', '냄새', '처음'","[""1. 퍼실향 자체가 강해요..'16.3.1 10:21 PM (118.219.xxx.147)전 냄새가 싫어 안써요..\t\t\t2. ........'16.3.1 10:26 PM (222.112.xxx.119)퍼실 저도 쓰는데 냄새 진짜 안빠져요... 행굼을 한 5-6번 하면 겨우 빠지고..그래서 세제양도 적게 써요.\t\t\t3. 원글'16.3.1 10:26 PM (115.143.xxx.186)아...원래 강하군요.세척력이 액츠, 리큐보다는 훨씬 좋은거 같긴해요. 근데 냄새가 무척 강하네요...몰랐던 부분이에요.\t\t\t4. pp'16.3.1 10:27 PM (182.211.xxx.84)향 강한거 맞아요. 저도 첨에 강해서 놀랬지만 적응해서한동안 쓰다가 이젠 안써요. 다시 쓰지 않을거에요 ㅠ\t\t\t5. 원글'16.3.1 10:29 PM (115.143.xxx.186)세척력 좋아서 이걸로 정착 해야지 했는데아직까지 빨래냄새에 취해서..ㅠㅠ담엔 구매 안할거 같아요..ㅠ\t\t\t6. 저도'16.3.1 10:33 PM (125.142.xxx.3)리큐 쓰다 바꿔봤는데,한번 쓰고 버릴뻔 했어요.향이 강해도 어쩜 그리 강한지...쓰다보니 이제는 적응이 되었는데,빨리 다 써버리고 싶어요.\t\t\t7. 지끈지끈'16.3.1 10:34 PM (175.118.xxx.178)생각만 해도 두통이 ㅠ소량써도 향 넘 강해서 섬유유연제 절대 필요없음.넘 힘들었어요남편은 캐나다 살 때 그 냄새라고 추억의 냄새라며 넘 좋아하던데 속이 울렁거려 도저히..근데 웃긴게 한 통 다 쓰니 냄새에 적응되더라구요코가 무뎌져요\t\t\t8. 원글'16.3.1 10:38 PM (115.143.xxx.186)에구구..2.7L짜리 두번째 쓴건데ㅠㅠ언제 다쓰나요.양을 더 적게 하고 과탄산이나 다른걸 더 넣어야 할거 같네요..ㅠ\t\t\t9. 음'16.3.1 11:07 PM (223.62.xxx.69)물섞어놔요 천연 세제랑 섞고ㅜㅠ\t\t\t10. =='16.3.1 11:08 PM (183.101.xxx.29)세척력이 좋은지는 잘 모르겠고 향 때문에 못 쓰겠더라구요. 저는 보라색 썼는데 서너달 전에 세탁해서 잘 넣어둔 얇은 이불에서 아직도 퍼실 냄새 나요. 장농 안에 습기 생길까봐 자주 열어놨는데도 아직도 냄새가 남아있다니 어휴.\t\t\t11. ㅇㅇㅇ'16.3.1 11:44 PM (182.222.xxx.17)냄새 기겁하고 몰래 길에 내놨더니 누가 갖고갔어요\t\t\t12. 저는'16.3.2 12:01 AM (182.222.xxx.35)드럼 17키로인데 가득 돌릴때 세제 15미리 미만으로 넣어요..그래도 향 많이 나구요..근데 전 그 향이 좋아서 세척력이 딱히 좋은 줄 모르지만 향 하나로 그거 몇년째 쓰네요..^^\t\t\t13. 저는'16.3.2 12:36 AM (219.255.xxx.213)향 싫다고 느껴진 적이 없어요세척력이 좋아서 계속 쓸거구요두 식구라서 그런지 홈쇼핑에서 7만원 가까이 주고 샀는데 6년 쓰고 있어요1년 분 남았으니 7년 쓰는거네요퍼실은 소량 넣어도 세척력이 좋아서 오래 써요님이 많이 넣으셨어요\t\t\t14. ..'16.3.2 12:42 AM (39.119.xxx.30)보라색.. 라벤더 향나는거 쓰는데..드럼용향보다 거품양에 놀라서 엄청 줄여쓰는 중이에요.그래서 그런가..향이 은은하니 괜찮습니다.원액자체는 잘 녹지않고 양조절이 안되길래.물을 절반 희석해서 섞어두고 소량씩 넣는데...그래도 세척이 좀 되는 편이라 걍 씁니다.\t\t\t15. 냄새'16.3.2 1:05 AM (1.233.xxx.136)보라색보다 초록색이 강한거 같아요근데 딱히 싫어서 못슬정도 아니던데유연제 안쓰고 향오래가서 퍼실 쓰는데요\t\t\t""]",82cook,https://www.82cook.com/entiz/read.php?bn=15&num=2078682&page=1&searchType=search&search1=1&keys=%ED%8D%BC%EC%8B%A4+
16,퍼실 ,"
		작성일 : 2015-12-17 13:25:08		",제 목 :  퍼실 초보 향기추천 좀 해주세요.,	 어제부로 가루세제 다 썼습니다.^^유연제는 수건땜에 안쓰구요.퍼실이 세제치고 향이 강하다고해서 써보려고 하는데요.컬러젤 종류가 많네요?전 강하고 달달한향 좋아하는데..그럼 어떤색 고르면 될까요?향이 좀 오래가면 좋겠어요♡추천부탁드려요~~~	,"'어제', '부로', '가루', '세제', '유연제', '수건', '땜', '퍼실', '세제', '향', '고해', '컬러', '젤', '종류', '전', '달달', '향', '색', '요', '향', '좀', '가면', '추천'","[""1. 삼산댁'15.12.17 1:34 PM (59.11.xxx.51)저는 하얀색을 쓰고있어요 냄새좋은데 다른색을 사용해보지 못해서 도움은 못드려요\t\t\t2. 하얀색도 있어요?'15.12.17 1:35 PM (218.237.xxx.135)오!전 파랑,초록,보라만 있는줄알았어요.어떤 향일까요..하양이는.\t\t\t3. 삼산댁'15.12.17 1:44 PM (59.11.xxx.51)하얀색이 젤순한가봐요 애기들도 사용할수있다고해서  그걸로 한박스사두고 사용하고 있어요  홈쇼핑에서^^\t\t\t4. 보라가 별로군요'15.12.17 1:50 PM (218.237.xxx.135)그럼 파랑이 젤 나을까요?\t\t\t5. ᆢ'15.12.17 1:57 PM (211.36.xxx.107)보라 좋아요\t\t\t6. ..'15.12.17 2:06 PM (220.67.xxx.168)전 보라가 젤 좋아요..초록은 향도 별로고 넘 강하더라구요\t\t\t7. 초록을'15.12.17 2:34 PM (211.203.xxx.25)처음 샀는데 일반적으로 많이 쓰는 냄새더군요저는 냄새가 너무 머리 아파 세탁하고 토할 거 같았어요.겉옷엔 섬유유연제 쓰는데 섬유유연제 냄새가 가릴 정도...ㅠ근데 남편은 캐나다 유학시 세탁소에서 나던 냄새라고 넘 좋아하는 거 있죠.근데 코가 적응했는지 한통 다 쓰니 첨보다 낫네요.그래도 다시 사고 싶진 않아요\t\t\t8. 마이마이'15.12.17 8:24 PM (112.173.xxx.94)저 초록 보라 흰색 다 써봤어요퍼실이 국산세제보다 향이 훨씬 강해서 세탁후에도 세제향이 많이 나요흰색이 민감피부라인인데 향이 피죤 하얀색 향이에요저는 유연제 안쓰는데 흰색이 제일 순한향이랄까 거부감없어요퍼실 처음쓰고 다 안헹궈진줄 알고 놀랄정도로 강한데흰색이 제일 덜 독한 향이고 기분좋은 향이에요\t\t\t""]",82cook,https://www.82cook.com/entiz/read.php?bn=15&num=2037248&page=1&searchType=search&search1=1&keys=%ED%8D%BC%EC%8B%A4+
17,퍼실 ,"
		작성일 : 2015-08-25 14:46:10		",제 목 :  홈쇼핑 퍼실세제 용량 저만 몰랐나요? ,"퍼실세제를 늘 사용해오다가 항상 비싸다고 생각해 왔거든요 홈쇼핑방송을 잘 안보던 저는 아이친구엄마들이 홈쇼핑이 싸다고 하기에 그런가보다 하다가 티비에서 우연히 홈쇼핑방송에 퍼실을 방송하길래 바로 이기회가 왔구나하고 보니 정말 싼거에요 마트 반값정도로,, 그래서 손을 떨면서 신나게 주문했어요 그리고 행복하게 기다리던 주문 다음날 또다른 홈쇼핑을 보니 더 많은 통을 싸게 파는거에요,, 그래서 정신없이 어제 주문했던 곳에서 취소를 했어요 아직 배송전인것이 다행이다 하면서요,, 그래서 더 싼 쇼핑몰에서 주문을 했죠,,,너무 행복해하며 홈쇼핑을 보는데 갑자기 김남주 씨에프를 보여주는데 2.7리터인게 보이는거에요,, 아차,,내가 용량확인을 안했구나...머 정품이라 했으니까 용량은 똑같겠지,,마트마다 통은 똑같더만,,하면서 다시 용량을 확인해보니 한통의 용량이 1.35리터로 나오는 ,,,, 에고 작은통도 있었어? 나참,,어쩌지,,하고 또 홈피들어가서 취소요청,,, 내가 어제 주문한 #앤쇼핑 들어가보니 여긴또 2.7리터,,,그럼 어제 주문한곳이 더싼건데 벌써 취소해서 방송중 주문이 아니라서 그 혜택이 없다고 하네요,,엉엉이틀동안 쌩쑈를 한느낌,,,ㅋㅋ 취소만 두번,,그것도 배송될까바 정신없이 들어가서 취소 취소,,그러나 잘못한 취소,,,홈쇼핑 주문해놓고 세제를 어제 사야할것을 안사다가 오늘 아침 세제없이 물로만 세탁을 했는데,,,저 죄송한데 아직 계산을 안해봤고 마트가가 가물가물한데 퍼실컬러젤,,어디가 싼가요? (정말 제가 바보같아서 원;;)엄마들 말대로 홈쇼핑이 싼가요? 계산이 잘안되서요,,,  ","'퍼실세제', '늘', '사용', '항상', '생각', '홈쇼핑', '방송', '저', '아이', '친구', '엄마', '홈쇼핑', '런가', '티비', '홈쇼핑', '방송', '퍼실', '방송', '바로', '기회', '구나', '정말', '마트', '반값', '정도', '손', '주문', '주문', '다음', '날', '홈쇼핑', '더', '통', '어제', '주문', '곳', '취소', '배송', '전인', '것', '다행', '더', '쇼핑몰', '주문', '홈쇼핑', '갑자기', '김남주', '씨', '에프', '리터', '아차', '내', '용량', '확인', '머', '정품', '용량', '마트', '통', '더', '다시', '용량', '확인', '통', '용량', '리터', '에고', '통', '나', '또', '홈피', '취소', '요청', '내', '어제', '주문', '또', '리터', '어제', '곳', '더', '벌써', '취소', '방송', '주문', '그', '혜택', '엉엉', '이틀', '동안', '쌩쑈', '느낌', '취소', '번', '그것', '배송', '바', '취소', '취소', '잘못', '취소', '홈쇼핑', '주문', '세제', '어제', '오늘', '아침', '세제', '물', '로만', '세탁', '저', '계산', '마트', '가가', '가물', '퍼실', '컬러', '젤', '어디가', '정말', '제', '바보', '원', '엄마', '말', '홈쇼핑', '계산'","[""1. ㅎㅎ'15.8.25 3:03 PM (223.62.xxx.99)전 전에 한번 주문해 봐서 통이 두가지인 건 알고 있었는데요. ^^ 일단 마트에서 개별구매 보다는 홈쇼핑이 싸요. 그런데 tv 생방송 중에는 내가 원치 않는 사은품( 제가 살 때는 버넬 섬유유연제 2 팩이랑 식기세척세제가 포함이었고, 얼마전에 보니 칼세트를 주기도 하더군요. ) 이 포함되어 좀 더 비싼 느낌이고, 그냥 홈쇼핑 사이트에서 퍼실 세제만 묶음인 걸로 사면 좀 더 싸요. 세정력은 맘에 들어요.\t\t\t2. 그냥'15.8.25 3:14 PM (39.116.xxx.134)이번은 마트에서 한통만 사서 쓰고 다음 방송기회를 노린다..그렇게 하세요.\t\t\t3. ....'15.8.25 4:06 PM (121.160.xxx.196)포장이 여러가지더라구요.  옥션에서 살 때도 100g당 단가로 계산해서 사야해요.\t\t\t4. ...'15.8.25 4:08 PM (220.76.xxx.234)아이고..다른 것도 마찬가지니 꼭 확인해봐야하더라구요\t\t\t5. 아이구야'15.8.25 4:18 PM (203.238.xxx.63)저는 소셜에서 삽니다다 리터당 계산해보구요\t\t\t6. 저도'15.8.25 4:54 PM (110.70.xxx.182)리필로 사요.인터넷검색해보심 많아요.\t\t\t7. ...'15.8.25 5:37 PM (211.172.xxx.248)홈쇼핑에서 대용량으로 파는 걸 다 쓴다면 홈쇼핑이 더 싼것 같아요. 아니면 같은 가격에 사은품을 더 주거나요. 대개는 그 정도 대용량이 필요없는데 가격에 혹해서 많이 사놓고 다 못쓰니까 문제지 정말 다 쓰는 분들은 홈쇼핑이 나은 것 같아요. 방송은 끊임없이 나오니 다음 기회를 기다리시고요.\t\t\t8. ..'15.8.25 6:56 PM (61.81.xxx.22)양이 너무 많아요옥션에서 2개정도로 사요\t\t\t""]",82cook,https://www.82cook.com/entiz/read.php?bn=15&num=1977674&page=1&searchType=search&search1=1&keys=%ED%8D%BC%EC%8B%A4+
18,퍼실 ,"
		작성일 : 2015-08-14 19:24:33		",제 목 :  퍼실 라벤더와 녹색중 더 좋은 향이 어떤걸까요,"퍼실 아직 안써봤구요,향기도 모르는데.유연제 안넣어도 될만큼 향이 진하다고해서 한번 써보려구요.라벤더향을 좋아하긴하는데 어느분이 오래가지 않는다 하구요.녹색은 진하긴 한데 못맡을향(무궁화빨래비누)같은게 나서토할지경이라니...못고르겠어요.향이 오래가고 좋은거 어떤건지 궁금해요.전 달달한향기 좋아해요.	","'퍼실', '향기도', '유연제', '향', '고해', '한번', '라벤더', '향', '분', '가지', '녹색', '향', '무궁화', '빨래', '비누', '토', '지경', '향', '거', '건', '전', '달달', '향기'","[""1. ㅎㅎ'15.8.14 7:29 PM (121.170.xxx.133)현재 기분 내키는 대로, 두 종류 다 사용하고 있어요..둘다, 본품향이 진한 편이에요.. (개인차 감안)라벤더는 ... 섬유유연제 별도로 안 넣고 써요.. 좀 강한 느낌이라, 빨래 널면 온 집안에 라벤더 향이 납니다..건조 후에는 크게 냄새 안나요파란색은 그냥 깨끗한 빨래향?? 여름이라 섬유유연제와 같이 사용 하고 있어요..무난해서 쓰기 좋아요\t\t\t2. 그래요?'15.8.14 8:01 PM (218.237.xxx.135)한 가지만 더 여쭤볼게요.본품향이 더 진하다고 하셨는데녹색 말씀하시는건가요?잔향이 라벤더보다 오래간단 말씀이시죠?파란색은 빨래향이라고 하셔너 제외하려구요.강하고 오래가는 향으론 녹색하면 될까요?\t\t\t3. ㅎㅎ'15.8.14 8:05 PM (121.170.xxx.133)본품향 = 세제 자체향기/ 뚜껑 열명 나는 냄새요개인적으로 건조 후 잔향은 파란색 (블루)이 더 나는 것 같아요그냥 깨끗한 빨래냄새나요라벤더가 세제 자체에서 강한 냄새가 나긴 하는 데... 건조 후 대부분 사라지더라구요...저는 재구매 하라면, 파란색 살거에요라벤더의 장점을 모르겠어요;\t\t\t4. 전 녹색 사용'15.8.14 8:30 PM (210.100.xxx.151)빨래후 향이 좋던데요.건조된 뒤에는 거의 향이 없어져요 저는 그래서 좋은데~\t\t\t5. 녹색과 라벤더가'15.8.14 8:51 PM (218.237.xxx.135)건조된 뒤에는 향이 없다구요...그럼 전 녹색보다는 파랑이를 써야겠네요.시행착오없이 꼼수좀 써볼라니 힘드네요ㅋ댓글 감사합니다.마트 가볼게요.파랑이 먼저 써봐야겠어요~^^\t\t\t""]",82cook,https://www.82cook.com/entiz/read.php?bn=15&num=1971946&page=1&searchType=search&search1=1&keys=%ED%8D%BC%EC%8B%A4+
19,퍼실 ,"
		작성일 : 2015-08-04 16:57:11		",제 목 :  퍼실드럼세탁세제,	 드럼세탁기에 퍼실가루세제(2.5kg)를 써왔는데요 점점 온오프에서 없어지더니 이젠 찾아볼 수 가 없네요 ㅠ 이젠 액체나 젤상태의 세제만 팔아요 ㅠㅠ 지난번엔 간신히 찾아서 주문했는데 다시 전화왔더라구요 절판됐다고 환불해준다고요 혹시 아직 남아있는 곳 아시는 분 계실까요? 	,"'드럼세탁기', '퍼실', '가루', '세제', '를', '점점', '오프', '젠', '수', '젠', '액체', '젤', '상태', '세제', '지난번', '주문', '다시', '전화', '절판', '환불', '혹시', '곳', '아시', '분', '요'","[""1. ...'15.8.4 6:05 PM (112.161.xxx.155)아마 제가 그 마지막 구매자일듯 싶어요.이마트몰에서 4월18일에 12900원 주고 산거 반정도 남았네요.가루세제 찾다가 포기하고 얼마전 gs에서 퍼실 칼라캡스 1+1하길래 그거 사서 대체하면서 아껴써요.전 퍼실 메가펄스 가루세제가 너무 그리워요.영양가 없는 답변 죄송합니다.\t\t\t""]",82cook,https://www.82cook.com/entiz/read.php?bn=15&num=1966417&page=1&searchType=search&search1=1&keys=%ED%8D%BC%EC%8B%A4+
20,퍼실 ,"
		작성일 : 2014-09-02 16:31:22		",제 목 :  퍼실 센서티브젤 정품 주는 이벤트 공유해요~,Youtube : http://youtu.be/zDad8WiDOTQ다음 tv팟 : http://tvpot.daum.net/v/v8507iLE2fTiUL2GLE2VDye판도라 tv : http://channel.pandora.tv/channel/video.ptv?ch_userid=persil2014&prgid=509873...엠군 : http://www.mgoon.com/ch/persil/v/58305574곳에서 중복참여 가능하고 동영상 보고 댓글만 달면되는 거에요~지금 이벤트 참여하면서 보니까 몇군데는 댓글수가 적은데도 있더라구요..퍼실 센서티브젤 정품 5명한테 주는거라 확률이 높은편은 아닌 것 같은데그래도 이벤트 참여가 워낙 간단하니까 한번 해보시는 것도 좋겠네요.  ,"'다음', '팟', '판도라', '엠군', '곳', '중복', '참여', '동영상', '보고', '댓글', '달', '거', '지금', '이벤트', '참여', '보', '군데', '댓글', '수가', '퍼실', '센서티브', '젤', '정품', '명', '확률', '편', '것', '이벤트', '참여', '워낙', '한번', '것'","[""1. 소나기'14.9.3 10:28 AM (203.173.xxx.196)오 한번 도전 ㅋㅋㅋ\t\t\t""]",82cook,https://www.82cook.com/entiz/read.php?bn=15&num=1864788&page=1&searchType=search&search1=1&keys=%ED%8D%BC%EC%8B%A4+
21,퍼실 ,"
		작성일 : 2013-09-08 18:03:55		",제 목 :  퍼실 파워젤 원산지가 어디인가요?,독일에서 수입한건지 아니면 국내생산 한건지 궁금해요^^ ,"'독일', '수입', '국내', '생산', '건'","[""1. 독일기술'13.9.8 6:05 PM (124.5.xxx.140)국내생산이요\t\t\t2. 퍼실'13.9.8 6:06 PM (222.103.xxx.80)정보 감사합니다^^\t\t\t""]",82cook,https://www.82cook.com/entiz/read.php?bn=15&num=1647744&page=1&searchType=search&search1=1&keys=%ED%8D%BC%EC%8B%A4+
22,퍼실 ,"
		작성일 : 2013-07-24 11:16:28		","제 목 :  퍼실 액체세제요,, 프라다천 종류는 왜 그리 세제냄새가 지독하게 남는것일까요?","수건이나 다른 면, 혼방 종류는 세탁하고 나도 세제냄새가 그렇게 독하게 남아있지 않는데요.요즘 많이 입는 등산복 바지종류, 프라다천 종류의 바지는 냄새가 너무 지독하게 남아요.왜 그러는것일까요?  다른분들도 느끼숐나요 ","'수건', '다른', '면', '혼방', '종류', '세탁', '냄새', '요즘', '등산', '복', '바지', '종류', '프라다', '종류', '바지', '냄새', '남아', '왜', '요', '다른', '느끼숐나'",[''],82cook,https://www.82cook.com/entiz/read.php?bn=15&num=1613925&page=1&searchType=search&search1=1&keys=%ED%8D%BC%EC%8B%A4+
23,퍼실 ,"
		작성일 : 2013-07-05 21:58:34		",제 목 :  퍼실 향이 그렇게 이상해요?,세제가 다떨어져서 퍼실로 바꿔보려고 하는데요검색해보니 향이 좋다고 해서 샀는데 토나올것같다느니.. 나랑 안맞는 향이라느니.. 정말 이상한냄새난다느니..냄새가 도대체 어떻길래 이러죠?퍼실 구매하려고 사이트까지 알아보고왔는데이런 후기 보니까 정말 고민되네요?퍼실이랑 다우니랑 같이 쓰려고 하는데 이상할까요? ,"'세제', '퍼실', '검색', '향', '나', '향', '정말', '냄새', '냄새', '도대체', '퍼실', '구매', '사이트', '후기', '보', '정말', '고민', '퍼실', '다우니', '요'","['1. ..\'13.7.5 10:00 PM (218.155.xxx.90)향은 순전히 취향이니 한번 사서 맡아보시는게..  저는 다시는 안삽니다 ㅎ\t\t\t2. 띵똥땅\'13.7.5 10:02 PM (175.123.xxx.209)섬유유연제가 카바못할 향인가요? 어디서 맡아볼 기회가없어서..지금 구매하기 버튼 누르려고 하다가 멈칫했어요..\t\t\t3. ᆢ\'13.7.5 10:02 PM (203.232.xxx.168)향 좋아하시는 분들 많던데저도 향 좋다는 82님 말만믿고여러개 구입했다가 억지로 쓰고 있어요그 향기 전 싫더라고요섬유유연제 향기까지 없애버려요담엔 안살려고요..\t\t\t4. 지금\'13.7.5 10:02 PM (14.38.xxx.116)퍼실 처음 사용중이에요퍼실 사용하는 분들이 주위에 많이들 있어요하지만 전 향이 맘에 안드네요비유가 맞을지 모르겠지만 옛날 빨래 비누 향같기도 하고 다 사용한후 퍼실은 안 살듯 싶네요\t\t\t5. tods\'13.7.5 10:03 PM (119.202.xxx.133)아 저는 좋아하는데...^^\t\t\t6. 저도\'13.7.5 10:04 PM (1.247.xxx.247)좋아하는데..세제냄새다~하고 나는 퍼실향.\t\t\t7. 띵똥땅\'13.7.5 10:05 PM (175.123.xxx.209)4:1이네요.. 뭐지 ㅋㅋ일단 한통만 사봅니다ㅋㅋ\t\t\t8. 저희 모녀도\'13.7.5 10:08 PM (121.162.xxx.47)냄새에 무지 민감한 사람들인데 이 냄새는 그럭저럭 나쁘지 않아요..\t\t\t9. 취존\'13.7.5 10:09 PM (203.226.xxx.139)전 아주 좋아해요.\t\t\t10. 띵이\'13.7.5 10:13 PM (61.4.xxx.14)어휴~~~홈쇼핑으로 대량 구매를 해서 버리지도 못하고 냄새때문에 헹굼을 7번씩 하고도 베란다 나갈때마다 코를 막았어요\t\t\t11. ㅎㅎㅎ\'13.7.5 10:14 PM (116.122.xxx.45)친구가 한 통 줘서 쓰고 있는데, 저는 세제냄새라는 걸 이전까지는 한번도 못 느껴봤는데...퍼실은 정말 ""나는 세제다~~~""하고 확실한 존재감을 풍겨주네요.전 섬유유연제 안 쓰는데요, 확실히 지구어쩌구 하는 빨래가루는 세제냄새 뭐 그런 거 전혀 안 나는데, 퍼실은 쓰면 마치 섬유유연제 한 듯이 냄새가 나네요. 저는 그냥 나쁘진 않던데요. 그냥 정말 세제냄새에요. 제가 석유계 냄새 이런 거 엄청 싫어하는데 이 향은 뭐 그렇게까지 역하거나 하지 않고. 막 좋지도 않고. 이거 빨래해서 널어놓으면 확실히 냄새나요. 한 통 되게 많고, 가격도 오늘 보고 깜놀했는데;;; 세탁력은 그냥 비슷비슷. 거기서 거기인 거 같던데 특별히 이게 좋은 게 뭐 있나요?? 넘 비싸던데.\t\t\t12. ..\'13.7.5 10:14 PM (1.245.xxx.186)섬유유연제향보다 좋아합니다\t\t\t13. 세척력쨩\'13.7.5 10:20 PM (203.226.xxx.139)세척력 좋아서 조금만 써도 확실하고무엇보다 환경에 피해가 덜가게 만들어요.독일은 그런거에 민감한데 인터넷에 찾아보면유명한 페르질 광고 있어요.보면 환경을 생각한 세제라는 거 알 수 있어요.깨끗한 걸 제일로 치는 독일 사람들이 많이 쓰는그런데 좀 비싼 세제가 영어식으로 퍼실세제잖아요.\t\t\t14. 번인더스카이\'13.7.5 10:21 PM (58.227.xxx.36)저도 처음에 냄새 싫었는데 몇번 사용하다 보니 갑자기 좋아졌어요 이젠 이것만 써요. ^^\t\t\t15. 저두\'13.7.5 10:28 PM (110.14.xxx.70)좋아서 쭉 써요\t\t\t16. 전 싫어해요\'13.7.5 10:42 PM (211.36.xxx.83)가루는 괜찮은데액체세젠 울렁거려요ㅠㅠ많이 샀었는데 그향이 좋다는 이웃이 있어서 다 줬었어요\t\t\t17.  ...\'13.7.5 11:03 PM (1.241.xxx.171)다우니향이랑 비슷한것 같아요.\t\t\t18. 우리나라 세제는\'13.7.5 11:32 PM (122.37.xxx.113)빨고나면 세제 향은 코를 대고 맡아야 나고 대부분 섬유유연제 쓰면 그거 냄새가 플로랄 계열로 나잖아요.퍼실은 단독으로 써도 그렇고 다른 섬유유연제 넣어도 그렇고오직 솔의 눈 냄새가 온 집안을 뒤덮어요 ㅋㅋㅋ근데 전 안 싫어해요. 다만 비싸고 세탁력도 국내 제품과 차이 못 느껴서 안 쓸 뿐.\t\t\t19. 절대 안살제품\'13.7.6 12:09 AM (58.232.xxx.188)향 한번 맡고는 다들 기절 직전이었어요.\t\t\t20. 민3맘\'13.7.6 1:13 AM (123.248.xxx.185)섬유유연제를 큰 한컵부어도퍼실이 향다잡아먹어요저도 홈쇼핑서 사고나서 억지로 쓰고있어요그래두 지금같이 꿉꿉한 날씨엔 괜찬아여 그나마 ㅜ\t\t\t21. ㅁㅁ\'13.7.6 1:52 AM (112.149.xxx.61)퍼실 냄새 좋던데...ㅎ전 인공적인 섬유유연제 향이 더 싫어요\t\t\t22. ㅁㅁ\'13.7.6 6:53 AM (221.165.xxx.73)임신했을때 다른냄새보다 젤 못견디겠는게 퍼실 세제향이었어요정말 정말 고역 ㅠㅠ아직도 그때생각하면 헛구역질이...\t\t\t23. hk90\'13.7.6 7:02 AM (175.223.xxx.41)퍼실 쓰고부터는 섬유 유연제 안써요피죤같은거 들이붓던 사람인데 안써도 되니편하고 좋네요지금은 퍼실 분홍색인가 쓰는데 초록색보다 향이 안나는것같아요\t\t\t24. 퍼실\'13.7.6 7:47 AM (39.7.xxx.209)저는 너무 지독하게 느껴지더라구요.섬유유연제 향도 싫어서 안쓰고, 슈가버블 하나만 사용하는데 은은한 향이라 만족해요.\t\t\t']",82cook,https://www.82cook.com/entiz/read.php?bn=15&num=1600370&page=1&searchType=search&search1=1&keys=%ED%8D%BC%EC%8B%A4+
24,퍼실 ,"
		작성일 : 2012-09-03 18:36:55		",제 목 :  세탁세제 리큐와 퍼실중 어느게 나아요?,	 가루세제쓰다가 다떨어져가서 이참에 액체세제로 바꿀려구요 근데 리큐랑 퍼실중에서 고민중인데 어느게 더낫나요? 그리고 가격저렴한 사이트 추천해주세요~^^	,"'가루', '세제', '이참', '액체', '제로', '구', '리큐', '퍼실중', '고민', '게', '더', '가격', '사이트', '추천'","[""1. @2'12.9.3 6:41 PM (119.199.xxx.219)세척력은 고만고만한 것 같고전 퍼실향이 이상해요자꾸 그 향이 거슬려서...리큐향은 괜찮았어요\t\t\t2. 신디'12.9.3 6:41 PM (119.71.xxx.74)퍼실 확실히 깨끗해요 리큐 두통썼는데요 퍼실로다시쓰네요\t\t\t3. 귀요미맘'12.9.3 6:44 PM (211.246.xxx.20)리큐항이 이상해요퍼실도 향이 별루인가요?\t\t\t4. --'12.9.3 6:51 PM (58.143.xxx.195)리큐 세척력 별로예요 퍼실은 잘 모르겠네요 암튼 리큐보단 액츠가 더 잘 빨렸어요\t\t\t5. //'12.9.3 6:56 PM (125.132.xxx.122)세척력은 퍼실이 나아요. 단 향이 좀 별로고요.리큐는 향은 뭐 괜찮은데 세척력은 퍼실에 비하면 보통이에요.전 리큐에 옥시크린 섞어서 세탁해요.\t\t\t6. ??'12.9.3 7:56 PM (121.165.xxx.144)퍼실이 더 세척력이 좋은줄도 모르겠구,,향도 이상한지 모르겠고,,내가 이상한건지?\t\t\t7. 저든'12.9.3 11:29 PM (119.206.xxx.93)유재석이 선전하는게?갑자기 생각이 안나네....그게 좋은듯하던데요.\t\t\t8. 아~ 뭐더라~'12.9.4 12:51 PM (1.249.xxx.72)옥시크린 만드는 회사에서 나온 파란색통 액체세제 있는데 좋더라구요.가격도 괜찮고 세제에 옥시크린이 포함되어 있어서 따로 넣을 필요도 없구요.근데 이름이 생각이 안나요...\t\t\t""]",82cook,https://www.82cook.com/entiz/read.php?bn=15&num=1350485&page=1&searchType=search&search1=1&keys=%ED%8D%BC%EC%8B%A4+
25,퍼실 ,"
		작성일 : 2012-07-22 18:12:42		",제 목 :  퍼실 세제 싸게 파는곳 아시는분,퍼실 드럼세제 불과 얼마전까지만해도 1+1해서 만원 정도였고 며칠전에 쿠팡인지 어딘지 반값사이트에서도 비슷한 가격으로 팔았는데 (개당 6천원꼴?)막상 사려고보니 다 하나에 만원넘네요혹시 퍼실 저렴하게 파는곳 아시면 알려주세요	,"'퍼실', '드럼', '세제', '불과', '얼마', '전', '해도', '만원', '정도', '며칠', '전', '쿠팡', '어딘', '반값', '사이트', '가격', '막상', '사려', '하나', '만원', '혹시', '퍼실', '곳', '아시'","[""1. 리필'12.7.22 6:21 PM (58.143.xxx.216)15천800원이던데요. 오늘 슈퍼에서 봄\t\t\t2. --'12.7.22 6:24 PM (94.218.xxx.228)와.여기 독일인데 퍼실 3.5 리터 액상 세제 12유로입니다. 한국돈으로 치자면 개당 1만 8천원꼴. .한국에서 오히려 현지보다 싸게 파네요. 뭔 경우인가^^;;\t\t\t3. 음'12.7.22 6:26 PM (175.213.xxx.61)윗님 아니에요 제가 쓰는건 리필용이에요 1.8리터 정도 되는거요 ㅎㅎ\t\t\t4. //'12.7.22 6:40 PM (121.186.xxx.144)2.7리터 짜리 4개 36,500원 줬어요옥션이나 지마켓 이런데 보세요\t\t\t""]",82cook,https://www.82cook.com/entiz/read.php?bn=15&num=1315992&page=2&searchType=search&search1=1&keys=%ED%8D%BC%EC%8B%A4+
26,퍼실 ,"
		작성일 : 2012-07-14 14:10:07		",제 목 :  퍼실 냄새 진짜 좋으세요? 전 너무 이상해요ㅠㅠ,퍼실 지금처럼 많이 팔기전 인터넷으로 액체세제가 좋을거 같아서 구입했어요(10년 가까이 암웨*만 쓰다가 너무 비싸서 바꿔보려구요)....뭐 가루 안날리는건 좋았어요..근데 너무 찐한 세제냄새...향기도 아나고 살짝 코를 찌르는 듯한 날카로운 냄새땜에 버리진 못하고 간신히 썼거든요그후로는 액체세제 다른걸로 바꿨어요근데 여기서 세제 추천하면 퍼실이 제일 많을걸보고 항상 이상하더라구요저는 퍼실로 세탁하면 다 건조되도 그 찐한 냄새가 계속 남아 있던데...혹시 제가 이상하게 사용한걸까요?세제양은 잘 지켰는데.... ,"'퍼실', '지금', '기전', '인터넷', '액체', '세제', '구입', '가까이', '암웨', '만', '뭐', '가루', '세제', '냄새', '향기도', '아나고', '살짝', '코', '듯', '냄새', '땜', '못', '후', '액체', '세제', '걸', '여기', '세제', '추천', '퍼실', '제일', '보고', '항상', '저', '퍼실', '세탁', '건조', '그', '냄새', '계속', '남아', '혹시', '제', '사용', '요', '세제', '양은'","[""1. ...'12.7.14 2:12 PM (58.239.xxx.10)저는 그 냄새 좋은데 아이들이 둘 다 싫다고,,엄마냄새 안난다고 해서 그 세재를 못씁니다\t\t\t2. 주방세제'12.7.14 2:18 PM (61.42.xxx.2)향 좋다는 평 보고 샀는데헉! 다시는 안사요\t\t\t3. 웩'12.7.14 2:19 PM (175.202.xxx.115)저두싫어요아랫집에서 빨래하면 항상나는 그냄새 역겹고싫다했는데 제가 퍼실샀더니 딱 그냄새ㅠ완전 멘붕이였어요다쓰지도 못하고 처리했지만 아랫집은 이년째퍼실만쓰네요ㅡㅡ\t\t\t4. 저도 그거 샀다가 한 번 쓰고 패스'12.7.14 2:23 PM (1.245.xxx.199)테크 써요\t\t\t5. ..........'12.7.14 2:24 PM (58.232.xxx.93)싫어요.세제 냄새가 이렇게 싫을 수가 있다는 점에 더 놀래요.아직 많이 남았는데\t\t\t6. 맞아요.'12.7.14 2:32 PM (14.37.xxx.165)퍼실 그 액체세제에서 나는 향..그거 특유한 냄새 나는거 맞아요... 어떤집에 갔는데..들어서는순간부터 온통.. 특이한 냄새가 나더군요..나중에 알았어요... 그게 퍼실 냄새라는걸.. 그냄새 싫어요..\t\t\t7. 다 다른가보네요'12.7.14 2:47 PM (61.43.xxx.88)저는 향이 좋던데...다른 식구도 좋다고하고...\t\t\t8. 저도 싫어함'12.7.14 2:48 PM (222.236.xxx.217)이웃 동생한테 얘기 하니 그 동생은 좋다 하길래 다 갖다 줘버렸네요\t\t\t9. 좋아요'12.7.14 2:53 PM (182.172.xxx.165)깨끗한 느낌이예요.\t\t\t10. ....'12.7.14 3:08 PM (116.39.xxx.17)저도 주변에 누가 쓰길래 한번 써 봤더니 냄새가 너무 강해서 바궜어요.차라리 액츠가 더 낫던데요.\t\t\t11. 소소한기쁨'12.7.14 3:28 PM (221.151.xxx.183)아름다운 세제 쓰는데...아무런 향이 없는것 같아요. 세척력은 좀 떨어지네요.비오는날 눅눅히 말려도 꿉꿉한 냄새는 덜 나요.\t\t\t12. 전'12.7.14 4:01 PM (211.202.xxx.20)퍼실은 안 써봤고 사은품으로 온 버넬 냄새가 고약해서 못 쓰고 있어요.냄새에 취해서 죽을수도 있을것같다는 느낌...\t\t\t13. ..'12.7.14 4:12 PM (61.73.xxx.229)제가 쓴줄 알았어요..ㅠ.ㅠ몰라서 퍼실 칼라젤인가 샀는데 정말 토할거 같아요..ㅠ.ㅠ한번 써서 반품도 안되고 빨리 쓰기만을 기다리고 있어요...흑흑..\t\t\t14. 세제냄새'12.7.14 5:14 PM (118.221.xxx.179)좀 예민한편인데 예전에 퍼실이 독일수입품으로 나올때는 세척력, 냄새 다 좋았거든요. 그런데 갑자기 국내생산으로 바뀌더니 냄새도 다르고 세척력도 예전만 못해요. 버넬 칼라젤 프릴도 완소제품이었는데ㅠㅠ 이젠 남은것들 아껴서 쓰고 있네요. 세제냄새는 마음에 드는걸 구하기가 어려워서 메소드 무향 샀더니 차라리 좋아요. 주방세제도 괜찮고.. 가격만 좀 내리면 좋을듯해요.\t\t\t15. 너무 싫어요'12.7.14 6:24 PM (1.210.xxx.15)구토 나올것 같아요\t\t\t16. ...'12.7.14 7:48 PM (61.252.xxx.61)맞아요. 독일산 수입해서 판매할때쓰던 메가펄스와 지금 판매하는 액체세제는 냄새부터 아주 다르고 세척력도 좀 떨어지네요. 윗윗님 미리 많이 구매해두셨나봐요. 아직 남아 있다니...  전 그때 사둔 변기 세척제 거품나는 브레프를 아주 아껴쓰고 있는데 요즘 다른형태 브레프가 출시된 모양이더라구요. 근데 이것도 예전것만 못하겠죠?\t\t\t17. 액체세제'12.7.14 8:09 PM (211.55.xxx.231)전 유한*행에서 나온 아름다운 세탁세제, 아름다운 표백제 써요. 형광물질도 없고.... 실내건조기능이 있어서 좋아요. 액체형이고 향도 없어요.\t\t\t18. 전..'12.7.14 9:50 PM (122.34.xxx.20)퍼실 주방세제랑 세탁세제다 한번씩 사보곤..정말..-_-;;저랑은  안맞는가보다하고..겨우  다 썼었어요세정은 둘째치고  ..그  향이 너무 참기 힘들었어요\t\t\t""]",82cook,https://www.82cook.com/entiz/read.php?bn=15&num=1310256&page=2&searchType=search&search1=1&keys=%ED%8D%BC%EC%8B%A4+
27,퍼실 ,"
		작성일 : 2012-03-21 14:21:51		","제 목 :  퍼실 칼라젤,파워젤 차이점이 뭔가요?",퍼실 컬러젤 그냥 쓰고있는데 몰랐는데 파워젤도있네요? 두개 차이점 혹시 아시는분계세요? ,"'퍼실', '컬러', '젤', '그냥', '파워', '젤', '개', '차이점', '혹시', '아시'","[""1. ..'12.3.21 2:28 PM (1.225.xxx.118)파워젤--- 흰옷을 더욱희게칼라젤--- 색깔옷을 선명하게  랩니다.\t\t\t2. ㅎㅎㅎㅎ'12.3.21 2:30 PM (58.143.xxx.216)써본 느낌으로는 초록색과 파란색이요... 다른거 모르겠어요...\t\t\t3. 원글'12.3.21 2:36 PM (110.15.xxx.145)ㅎㅎ 그렇군요.저 그럼 혹시 파워젤 1.5kg짜리(리필형) 두개에 11900원이면 싼걸까요?1.5kg라고 되어있는데 몇리터인지를 모르겠네요^^;\t\t\t""]",82cook,https://www.82cook.com/entiz/read.php?bn=15&num=1220406&page=2&searchType=search&search1=1&keys=%ED%8D%BC%EC%8B%A4+
28,퍼실 ,"
		작성일 : 2011-12-29 10:28:40		",제 목 :  세탁세제 퍼실 (드럼용 액상) 냄새가 ..,인터넷으로  드럼용 액상 세탁세제  퍼실을  샀어요세탁을  한 후에도  이렇게  냄새가  오래 가나요???미지근한 물로  세탁을 하고  기본 3번  헹굼에 저는  2번을  더해요총 5번을 하고  꺼내려고 하면  세탁기 안  가득  냄새가 너무  심하여  다시 2번을  더하고  그래도  냄새가 나지만  할 수 없이  꺼내요결국   총 7번 헹굼을 합니다원래  이런건가요??마르고 나면  냄새가  좀 가시긴 해요  그래도  겨울이라  방에 빨래 좀 널어놓고  자려고 해도  절대  못해요냄새가 너무 나서  머리가 지끈 거려요  인터넷으로  대량 구매 했는데  써도 써도  아직  반(3통)이나 남았네요  휴~~~ 다른분들도  그러신가요 ??   좀  알려 주시고  냄새에 대처하는  자세도  좀  가르쳐 주세요       ,"'인터넷', '드럼', '용', '액', '세탁', '세제', '퍼실', '세탁', '후', '냄새', '가나', '물', '세탁', '기본', '번', '헹굼', '저', '번', '총', '번', '세탁기', '안', '가득', '냄새', '다시', '번', '냄새', '나', '수', '총', '번', '헹굼', '원래', '건가', '마르고', '냄새', '좀', '해', '겨울', '방', '빨래', '좀', '해도', '절대', '냄새', '머리', '지끈', '거려', '인터넷', '대량', '구매', '반', '통', '이나', '다른', '러신', '가요', '좀', '주시', '냄새', '대처', '자세', '좀'","[""1. 윽'11.12.29 10:29 AM (14.63.xxx.41)퍼실 향 너무 독해요\t\t\t2. ,,'11.12.29 10:38 AM (121.160.xxx.196)독해요.  특히 폴리에스테르 기모바지는 냄새가 더더욱 많이 남더라구요\t\t\t3. 예전 가루세제는'11.12.29 10:44 AM (222.121.xxx.245)향이 좀 강했지만 액체세제는 냄새가 거의 나지 않아요.세제 적정량을 사용하셨는지?...저는 일반의 찬물에도 세탁이 잘 되어 퍼실 들어 오고 부터 계속 사용하고 있어요.요즘은 행사를 해도 그 가격이 전만 못하고..좀 헤프기도 한것 같아잦은 빨래에 좀 부담이 되는 것 같아요.\t\t\t4. 그향때문에'11.12.29 12:02 PM (203.238.xxx.22)쓰는데요?\t\t\t5. 저도'11.12.29 4:58 PM (58.225.xxx.79)그 향때문에 써요\t\t\t""]",82cook,https://www.82cook.com/entiz/read.php?bn=15&num=1154666&page=2&searchType=search&search1=1&keys=%ED%8D%BC%EC%8B%A4+
