,Keyword,Date,Title,Contents,Words,Comments,Source
0,리큐,2019.01.04. 19:28,드럼 세탁기 거품 계속 나요,"
아침일찍 삶음 코스로 돌렸는데 오늘은 세제를 세탁볼에 계랑 안하고 통째로 세탁기에 부었어요 좀 많이 부어진건지 헹굼 중간중간 보니 계속 거품이 나서 심해서 계속 헹굼 최대 종료벨 울리면 또 헹굼 최대 반복하다가 지금까지 헹굼 하면서 노이로제 걸리겠어요 추운데 계속 베란다 나가서 후레시로 세탁기안 들여다보며 세제거품 확인중이에요 에유 헹굼 해도해도 계속 거품나요 드럼 전용 리큐 고농축 인데 부어서 넣다보니 넘 많이 넣었나봐요 계랑컵 넣어도 저는 별난 성격인지 헹굼 중간중간 거품나는지 확인하며 최대횟수로헹굼을 기본 2번 반복해요 빨래하는데 오늘 아침 점심 저녁 지났는데 이 무슨 미친짓인지 모르겠어요
","'아침', '일찍', '코스', '오늘', '세제', '세탁볼', '계', '안', '통째', '세탁기', '좀', '헹굼', '중간', '중간', '계속', '거품', '계속', '헹굼', '최대', '종료', '벨', '또', '헹굼', '최대', '반복', '지금', '헹굼', '노이로제', '계속', '베란다', '후', '레시', '세탁', '기안', '세제', '거품', '확인', '유', '헹굼', '해도', '계속', '거품', '요', '드럼', '전용', '리큐', '농축', '부어', '계', '컵', '저', '별난', '성격', '헹굼', '중간', '중간', '거품', '확인', '최대', '횟수', '헹굼', '기본', '번', '반복', '빨래', '오늘', '아침', '점심', '저녁', '이', '무슨', '짓'","'삭제된 댓글입니다.', '미치겠어요 너무 헹굼 물이적어서 세탁기헹굼 물 투입될때  다른 수도 꼭지의 호수로 물 급수 세제통 쪽으로 틀어놓고 같이 급수 하면서 도니까 후레시 비춰보니 물이 좀 많이 세탁물과 돌아가는데 거품이 아직도 많아요 거품 상태보고 도저히 그대로 널수가 없어서  열받아서 밤새도록 돌리다가 세탁물 너덜너덜 걸래되겠어요', '저도그런적있어요ㅜ 전 세제를 세제통에넣었는데도 삶음해보고싶어서돌렸더니ㄷㄷㄷ 진짜심장이벌렁거리고 고장난건가 어떡해야되지ㅜ 하면서 엄청당황했던기억이ㅋㅋㅋ 헹굼계속돌리고 ㅜㅜ 다시는삶는거안해요ㅜ', '삶음 하면 헹굼이 더 잘 안되나요 전 속옷 수건 양말 류는 삶음코스로 쭉 하고 있어요'",네이버 카페
1,리큐,2018.11.19. 19:41,어른세제 아이세제 같이쓰시는분 있나요?,"
리큐 진한겔 세제같이 쓸려는데 괜찮을까요다들 천연세제로 어떤거 쓰세요?
","'리큐', '진한겔', '세제', '제로'","'전 첫째는 두돌때까지 아이세제로 따로빨았는데..둘째는 돌지나고 같이빨았어요.물론 어른세제로여..퍼실로 다같이빨아요', '예민한피부아이인데 두돌 지나 리큐 썼더니 아기 피부 확 뒤집어져서 같이 빨때는 넬리 써요ㅡ', '저는 네이처러브메레로 아기때부터 쭉~ 같이 쓰고 있어요. 이제 세돌 다되어가구요. 순한 아기 세제로 같이 세탁하세요~ 리큐는 좀 독하지 않을까요?', '저는 퍼실 센서티브로 온가족 빨래해용 ㅋㅋㅋ 아토피 있는데 트러블 난 적 없어요', '전 돌 지나서 아기 세제로 제꺼랑 같이 돌렸어요', '전 넬리요. 이것저것 다썼는데 이게 제일 무난했어요.', '모두들 감사합니다!!'",네이버 카페
2,리큐,2018.11.18. 09:40,통돌이 일반용 리필 리큐3개 판매합니다!!,"



function registrationComplete(paymentcorp) {
    return;
}

function showLoginPopup() {
    var redirectUrl = encodeURIComponent(encodeURIComponent(encodeURIComponent(location.pathname + location.search)));

    var oWnd = open_wnd('https://nid.naver.com/nidlogin.login?template=plogin&mode=form&url=http://cafe.naver.com/OpenerRedirect.nhn%3Fopenerurl%3D%252Fimsanbu.cafe%253Femail%253D%2526iframe_url%253D' + redirectUrl, 'naver_login', 410, 280);

    if (!oWnd) {
        alert(""선택하신 기능이 차단되었습니다.\n팝업 차단을 해지하신 후에 다시 시도해 주세요."");
    }
}

function joinCafe() {
    if (!!parent.joinCafe) {
        parent.joinCafe(location.pathname + location.search);
    }
}


function purchaseGroupProduct_42191261() {

    
    
    
        window.open("""", ""_blank"");
    

}


function purchase_42191261() {

    
    
    
    
    
    
        
        var purchaseQuantity = 1;
        var purchaseUrl = ""ItemPurchase.nhn?articleid=42191261&clubid=10094499&paymentCorp=N&quantity="" + purchaseQuantity;
        open_window(purchaseUrl, 'Purchase', 400, 255, ""toolbar=no,location=no,directories=no,status=no,menubar=no,scrollbars=no,resizable=1"") ;
    

    return;

}

function showPhoneNo_42191261(obj){
	var articleId = '42191261';	
	var ajax = new Ajax('/MarketItemOtn.nhn',{
		method: 'POST',		
		suspend : true,
		params : {'articleid' : articleId, 'clubid' : clubid}, 
	    onLoad: function(res) {
	    	var oRes;
			eval('oRes = ' + res.responseText);			
			if(oRes.result == '0000'){				
				var nTempOtn = oRes.otn.toString();						
				$('oTnPhoneNo').innerHTML = nTempOtn.substr(0,4)+'-'+nTempOtn.substr(4,3)+'-'+nTempOtn.substr(7,4);//oRes.otn;
				$('oTnPeriod').innerHTML = oRes.checkout+"" 까지"";
				if (oRes.mobile == 'true') {
				    $('mobileIcon').style.display = """";
				} else {
					$('mobileIcon').style.display = ""none"";
				}
				
				var elLayer = $('oTnLayer');
				/*
				Element.setCSS(elLayer,{
					'top' : 50+'px',
					'left' : 20+'px'
				});
				*/									
				Element.show(elLayer);	
				var pos = Element.realPos(obj);
				elLayer.style.left =  (pos.left - elLayer.offsetWidth + 70) + 'px';
				elLayer.style.top = (pos.top + 20) + 'px';
			
			} else if (oRes.result == '1002') {
				alert(""사용할 수 없는 번호입니다"");
			} else {
				alert(""일회용 안심번호를 불러오지 못했습니다."");
			}									
		}
	});
	ajax.request();
};

/**
 * 최신글등록/판매완료 레이어 표
 * @param {Object} obj : 클릭한 node 
 * @param {String} sLayerId : 표시할 레이어 id
 * @param {boolean} bLeftAlign : 클릭한 왼쪽 위치 기준 정렬  
 * @param {boolean} bTopAlign : 클릭한 위쪽 위치 기준 정렬 
 */
function showConfirmLayer_42191261(obj, sLayerId, bLeftAlign, bTopAlign){
	Element.hide('confirm_writenew_42191261');
	Element.hide('confirm_soldout_42191261');
	
	var elLayer = $( sLayerId );
	var pos = Element.realPos(obj);

	Element.show( sLayerId );
	
	var width = (elLayer.offsetWidth == 0) ? 167: elLayer.offsetWidth;
	var height = (elLayer.offsetHeight == 0) ? 300 : elLayer.offsetHeight;
	
	elLayer.style.left = pos.left + (bLeftAlign ? 0 : - width + obj.offsetWidth ) + 'px';
	elLayer.style.top = pos.top + (bTopAlign ? obj.offsetHeight + 10: - height - 10) + 'px';
}

/** 안전결제 사용안내 레이어 표시 */
function showSafetyPaymentGuideLayer(){
    var elLayer = $('safetyPaymentGuideLayer');
    if( elLayer.style.display == 'none' ) {
        elLayer.style.display = '';
    }else{
        elLayer.style.display = 'none';
    }
}

/** 레이어 보여주기 */
function showArticleLayer(elBtn, sLayerId) {
    var pos = Element.realPos(elBtn);
    var elLayer = $(sLayerId);
    if( elLayer.style.display == 'none' ) {
        elLayer.style.display = '';
        elLayer.style.top = (pos.top + 20) + 'px';
        elLayer.style.left = (pos.left - 190) + 'px';
    }else{
        elLayer.style.display = 'none';
    }
}

/**
 * 구매자 안전거래 팝업
 */
 function popupBuyEscrow(){
	 window.open(""http://www.unicro.co.kr/escrow/reqBuyEscrow.jsp"", ""유니크로"", ""width=670,height=760,scrollbars"");
}
/**
 * 사기정보조회
 */
 function showFraudLayer(elBtn, sLayerId , sCafeId ,  sPhoneNumber) {
	    var pos = Element.realPos(elBtn);
	    var elLayer = $(sLayerId);
	    if( elLayer.style.display == 'none' ) {
	        elLayer.style.display = '';
	        elLayer.style.top = (pos.top + 20) + 'px';
	        elLayer.style.left = (pos.left - 300) + 'px';
	    }else{
	        elLayer.style.display = 'none';
	    }
	    if(sPhoneNumber.length > 0) {
	    	FraudSearch(elBtn, sCafeId , sPhoneNumber);
	    }
}
 /**
  * 사기정보조회 ajax
  */
 function FraudSearch(event, cafeId){
	 FraudSearch(event, cafeId , '');
 }
/**
 * 사기정보조회 ajax
 */
 function FraudSearch(event, sCafeId , sPhoneNumber){
	 	var elFraudLayerBody = $('fraudLayerBody');
	 	var elInputbox = $('fraudLayerInputbox');
		var elFraudLayerList = $('fraudLayerList');
		var elFraudLayerAddinfo = $('fraudLayerAddinfo');
		var errorMessage = '<ul><li id=""fraudLayerText"" class=""complain_commerce fraud_commerce""><span class=""text_commerce"">일시적인 오류가 발생했습니다. 잠시 후 다시 시도해주세요</span></span></li></ul>';
	
		
		var sKeyword = elInputbox.value;
		var nType = 1;
		if(typeof sPhoneNumber != 'undefined' && sPhoneNumber.length > 0) {
			sKeyword = sPhoneNumber;
			elInputbox.value = sPhoneNumber;
			nType = 2;
		}
		if(sKeyword.trim().length <= 0) {
			alert(""전화번호 또는 계좌번호 입력해주세요."");
			return;
		}
		var regex = /^[0-9\-\s]+$/g;		
		if(!regex.test(sKeyword)) {		
			alert('숫자만 입력할 수 있습니다.');		
			return;		
		}		
		var ajax = new Ajax('/FraudSearch.nhn?keyword='+sKeyword+'&clubid='+sCafeId+'&type='+nType+'&token=RElKR1dwVTdYTXNRKzI0VlNBR2wxQT09DQo',{
			method: 'GET',		
			suspend : true,
		    onLoad: function(res) {
				var oJsonResult = JSON.parse(res.responseText);
				if (oJsonResult.message.status == 200) {
					var oResult = oJsonResult.message.result;
					if (typeof oResult.keyword == ""undefined"") {
						//elFraudLayerList.innerHTML = errorMessage;
						alert('숫자만 입력할 수 있습니다.');
						return;
					}					
					if(oResult.count > 0) {
						elFraudLayerList.innerHTML = makeFraudInformationHTML('true',oResult.count);
					} else {
						elFraudLayerList.innerHTML =  makeFraudInformationHTML('false','0');
					}
					var sTimeKey = oResult.timeKey;
					elFraudLayerAddinfo.href = 'https://api.thecheat.co.kr/web/result.php?url=cafe.naver.com&keyword='+sKeyword+'&key='+sTimeKey;
					Element.removeClass(elFraudLayerBody,'ask_none');
					Element.show('fraudLayerAddinfo');
				} else {
					//elFraudLayerList.innerHTML = errorMessage;
					alert('숫자만 입력할 수 있습니다.');
					return;
				}
				
			}
		});
		ajax.request();
};

function makeFraudInformationHTML(isFraud , count) {
	var fraudInformationText = '<ul><li class=""complain_commerce';
	if(isFraud == 'true') {
		fraudInformationText +=' fraud_commerce';
	}
	fraudInformationText +='"">';
	fraudInformationText += '<span class=""text_commerce"">최근 3개월 내 사기 피해사례 <em>'+count+'</em>건</span>';
	fraudInformationText += '</li></ul>';
	fraudInformationText += '<p class=""acgency_supply_commerce""><em>더치트</em> 제공 </p>';
	return 	fraudInformationText;
}

function npayRemit() {
	alert('네이버페이 송금은 카페 모바일에서 이용할 수 있습니다.');
}











통돌이 일반용 리필 리큐3개 판매합니다!!

10,000원








판매자정보

                                    
                                        
                                        
                                            ***-****-**** |

*********@*****.***








거래방법

                                    안전거래(네이버페이),
                                    무통장, 계좌이체
                                    



배송방법
판매자와 직접 연락하세요




해당 상품의 안전거래 결제 기간이 만료되었습니다.

                                    네이버에 등록된 판매 물품과 내용은 개별 판매자가 등록한 것으로서, 네이버카페는 등록을 위한 시스템만 제공하며 내용에 대하여 일체의 책임을 지지 않습니다.
                                






★ 알뜰벼룩방 이용안내 ▶ http://cafe.naver.com/imsanbu/28123686 
★ 중고거래 사기 예방안내 ▶ http://cafe.naver.com/imsanbu/31338750

한번에 많이 구입햇는데 이제 필요가 없을거 같아서 팔아요~ 진한겔리큐이고 2.1L 리필용 3개 일반용 입니다~ 3개를 같이 구매하시면 케라시스 샴푸 작은것도 같이 드려요!!부천 소사구 쪽이고 직거래 가능하고 택배도 가능합니다. (* 택배비는 착불!!*)
","'선택', '기능', '차단', '팝업', '차단', '해지', '후', '다시', '시도', '사용', '수', '번호', '일회용', '안심', '번호', '최신', '글', '등록', '판매', '완료', '레이어', '표', '클릭', '표시', '레이어', '클릭', '왼쪽', '위치', '기준', '정렬', '클릭', '위쪽', '위치', '기준', '정렬', '안전', '결제', '사용', '안내', '레이어', '표시', '레이어', '구매', '안전', '거래', '팝업', '유니크로', '사기', '정보', '조회', '사기', '정보', '조회', '사기', '정보', '조회', '일시', '오류', '발생', '잠시', '후', '다시', '시도', '전화번호', '계좌', '번호', '입력', '숫자', '입력', '수', '숫자', '입력', '수', '숫자', '입력', '수', '최근', '개월', '내', '사기', '피해', '사례', '건', '더치트', '제공', '네이버', '페이', '송금', '카페', '모바일', '이용', '수', '통', '돌이', '일반', '용', '리필', '리큐', '개', '판매', '거래', '방법', '안전', '거래', '네이버', '페이', '무', '통장', '계좌', '이체', '배송', '방법', '판매', '직접', '연락', '해당', '상품', '안전', '거래', '결제', '기간', '만료', '네이버', '등록', '판매', '물품', '내용', '개별', '판매', '자가', '등록', '것', '네이버', '카페', '등록', '위', '시스템', '제공', '내용', '대하', '일체', '책임', '지지', '알뜰', '벼룩', '방', '이용', '안내', '중고', '거래', '사기', '예방', '안내', '한번', '구입', '햇', '이제', '필요', '큐', '리', '개', '일반', '용', '개', '구매', '케라시스', '샴푸', '부천', '소사구', '쪽', '직거래', '택배', '택배', '착불'",,네이버 카페
3,리큐,,네이버 카페,,,,
4,리큐,2018.07.10. 11:35,드럼세탁기에 리큐일반용 넣어도되나요?,"
통돌이 사용하다가 드럼으로 바꿨는데요리큐일반용이 많이 남았는데 써도되나요?안되면 드럼세제좀 추천해주세용
","'통', '돌이', '사용', '드럼', '요리', '큐', '일반', '용이', '드럼', '좀', '추천'",'써도되용 다만 양을 좀 적게넣으세요.',네이버 카페
5,리큐,2018.06.18. 10:28,세탁세재추천 부탁드려요~~,"
리큐 계속 쓰고있는데 세정력도 그닥이고 너무 헤픈것같아서바꿔볼까하는데 추천 부탁드려요~~퍼실은 어떠나요?^^
","'리큐', '계속', '정력', '그닥', '헤픈', '것', '추천', '퍼실'","'퍼실 만족하며 쓰고있어용 ㅎㅎ', '퍼실 괜찮은데 향이 되게 진한것같아요! 저희집 2층인데 1층에서 세탁기 돌리면 2층화장실에서 퍼실 냄새가 나요ㅋㅋㅋ 피지랑 비트도 괜찮은것같아오!'",네이버 카페
6,리큐,2018.06.02. 23:14,빨래 어떻게해야 깨끗하게 빨까요?,"
세탁기는작년에 통돌이로 사서 쓰고있는데수건이나 이런것도 한일년 지나다보니좀 누렇고 양말도 때가잘안가는데어떻게해야 깨끗이 빨리나요?리큐세제이용중인데다른세제를바꾸면 깨끗해지나요?빨래 깨끗해게 빠는법종 알려주세용
","'세탁기', '작년', '통', '돌이', '사서', '수건', '것', '년', '좀', '누렇', '양말', '때', '빨', '리나', '리큐', '이용', '세제', '빨래', '법종'","'과탄산에 한번씩 담궜다가 빨아보세요.', '근데 그것도 그때뿐이더라구요다음에쓰고 빨면 또 누래서 ㅠ', '그래서 빨 때마다 과탄 한 스푼씩 써요  미리 세제랑 같이 풀어 담궈 두었다가 하루 정도 지나서 돌리면 웬만한 얼룩은 다 지는거 같아요', '일년지낫으면 새로 사시는게 나으실텐데용~전 옥시크린 꼭 쓰고 헹굼4-5번 돌려요  안쓰고 셍굼2-3번돌리는것보다 훨씬 깨끗해요', '전 세제 종류별로 놔두고써요~수건같은건 한입세제쓰고 양말은 애벌세탁한번하구요ㅜ표백제도 같이 소량씩 넣어주니 좀 낫더라구요,'",네이버 카페
7,리큐,2018.05.28. 14:23,어른세탁세제 뭐쓰세요??,"
어른세탁세제 뭐쓰시나요??리큐를 썼었는데 빨래 빨아도 냄새가 나는거같아서 바꿔보려구요..리큐, 퍼실 제외하고 추천해주실만한 세탁세제가 있는지 추천 부탁드려요~~ 
","'어른', '세탁', '세제', '뭐', '리큐', '빨래', '냄새', '리큐', '퍼실', '제외', '추천', '세탁', '세제', '추천'","'저는 남편이 진드기알러지성비염?이라  비트액체형  진드기파괴해주는거쓰고잇어용ㅎ', '코스트코에 커클랜드꺼 쓰다가 임신해서 무거운거 들기 힘들어서 LG 피지 시트형으로 바꿨어요 ㅎ', '전 비트 액채세제랑 블랑101 시그니처향 써요! 블랑101 아기도 같이쓰고 어른도 같이 쓴대요~ 향도 너무좋아요', '저는 물세제 아무거나 써요.. 가루는 비염 있어서..쓰는거 좀 꺼려해서요...지금 저도 리큐 쓰고있고..빨래 안한것 같으면.. 통세척해보세요.. 저희집 빨래는 안그러던데..'",네이버 카페
8,리큐,2018.05.01. 11:38,리큐 액체세제1.6L 6개+사은품 완전 싸요!,"
세제 필요하신 맘들~~ 이거 보세요!!리큐 액체세제1.6L 6개+사은품 완전 싸요~다른데 검색해보니 15-16천원하던데제가 산 곳은 지금 쿠폰 15프로짜리 줘서 택배비까지12,670원이에요!! 사은품은 랜덤으로 보내준다고 하지만그래도 나쁘지 않은듯~~ 리필이니까~~ 확인하시고 득템요!!http://www.g9.co.kr/Display/VIP/Index/1348987935?★ 잠깐! 게시글?작성 전, 필독 공지! ★- 카페규정 : http://cafe.naver.com/imsanbu/28123090?- 게시판별 운영 정책 : http://cafe.naver.com/imsanbu/35756864
","'세제', '맘', '거', '리큐', '액체', '세제', '개', '사은', '품', '완전', '검색', '산', '곳', '지금', '쿠폰', '프로', '택배', '비', '사은', '랜덤', '리필', '확인', '득템', '잠깐', '게시', '글', '작성', '전', '필독', '공지', '카페', '규정', '게시', '판별', '운영', '정책'","'퍼실만 쓰는데 은근 비싸서...리큐도 괜찮나요?', '괜찮아요~전 암거나 다 써서 ㅎㅎㅎ', '저도 퍼실쓰는데... 딱 맘님과 같은 생각이에요 ㅋㅋ 괜찮은지..', '저 퍼실만쓰다 리큐쓰는데 좋아요~ 리큐계속쓰려구요', '감사해요진짜저렴하네요 ㅎㅎ잘샀어요', '', '  ', '좋은 정보 감사합니당~!', '', '  ', '감사합니다!!', '', '  ', '', '  ', '', '  ', '싼거죵? 잘샀습니다 ㅋㅋㅋ', '네 싸더라구요 ㅎㅎㅎㅎ', '저 주문했어요! 감사합니다 복받으실꺼에요^^', '감사해요~황금팡맘도 복 마니마니~', '감사합니다~^^', '', '  ', '저도샀어요. 감사합니다', '', '  ', '엄마가 세제 주문해달랬었는데 이거 주문해주면 되겠네용!! 감사해요^^', '', '  ', '리필이여도 사용하는데 괜찮겠지요? 제 감으로 그냥 넣으면 되겠지여??? ㅋㅋㅋㅋㅋㅋ', '그럼요~', '전 리큐만 사용해서 구매할려고보니 집에 있는거랑(2.1L) 용량이 다르네요.그래도 싼거겠죠?', '저렴한거 같아요~~', '', '  ', '저도샀어요 ㅋ감사해용', '잘쓰세용~~', '왜 주문실패가 계속 뜨죠ㅠㅠ', '아직도요?? ㅠㅠ', '저도구매했네요감사합니다:)', '', '  ', '저도삿어요옹 감사합니당', '잘쓰세용~~', '저도 퍼실쓰다 리큐 갈아타고 쭉 쓰는데 용량은 다르지만 싼것 같아 주문했어요..^^', '저렴하고 세탁 잘되는거 같아요~', '안그래도 필요했는데 감사합니당^^', '', '  ', '할인 쿠폰이 어디에.. 있나요', 'http://rpp.g9.co.kr/?exhib=16062요기요 ㅎㅎ', '필요했는데 잘 샀어요 감사!', '', '  ', '이번에 세탁기 고장으로 트윈워시 살 예정이라 드럼이랑 통돌이용 세제를 따로 사야하나 했는데 첫번째가 겸용이라 안그래도 세제 거의 다 써갈무렵 싸게 잘 샀네요~ 감사해용~', '  ', '트윈워시~~ 부러워요 ㅠㅠ ㅎㅎㅎ', '본품에 세탁볼 괜찮은가요? 어머님 세제 사야한다고 하셔서 주문해 드리려는데 리필만사드리는것보다 본품이랑 같이 사드리는게 나을지...ㅜㅜㅜ', '덕분에 잘 샀어요^^ 감사합니다!'",네이버 카페
9,리큐,2018.04.27. 22:43,"어른 & 아이 세탁세제, 유연제 뭐쓰시나요?","
아직 아이들이 어린데 세탁기는 같이써요ㅎㅎ지금까지 퍼실쓰다 리큐쓰고있는데 퍼실도 안좋은성분이 나왔다고해서요ㅎ유아전용아니여도되구요ㅎㅎ좋은 세제 유연제 추천해주세요ㅎ안전한성분으로여ㅎㅎ
","'아이', '세탁기', '지금', '퍼실쓰', '리큐', '퍼실', '성분', '유아', '전용', '세제', '유연제', '추천', '성분', '여'","'전 친환경 세탁세제 세븐스제너레이* 쓰고 있어요. 향도 괜찮고 친환경 성분이래서 안심하고 사용중이요! 이번에 코베서 할인중이라기에 내일가보려구요!!', '아이 유연제 블랑 써요~~~^^'",네이버 카페
10,리큐,2018.04.04. 01:34,맘님들 세탁하실때 베이킹소다 얼마나 넣으세요??,"
저는 세탁물 단계 4 기준으로리큐 30미리베이킹소다 10그람 이렇게 넣는데이게 맞는건가요???과탄산은 10리터당 5그람넣으래서혹시나 틀렸을까봐 여쭤봅니당 ㅠ
","'저', '세탁물', '단계', '기준', '리큐', '미리', '베이', '킹소', '그람', '가요', '과', '탄산', '리터', '그람', '혹시'","'헉넘적은거아니에여?ㅋㅋㅋ전걍뿌리는데.소주 3컵은될거같아요 과탄산도마찬가지', '세제랑 같이 넣으세요????', '베이킹소다 안 넣고 과탄산만 넣어요 종이컵1개 분량은 넣는듯요 온수세탁 5회 헹굼하고요', '세제랑 같이 넣으세요???저는 맨날 냉수만해서 많이넣기 그렇더라구요 ㅠㅠ', '통 안에 옷이랑 같이 넣어요~ 옷에 몸에서 나온 지방.단백질 성분이 붙어 있어서 온수세탁해야지 때가 진다고도 해서 항상 온수세탁하네요. 근데 과탄산 항상 넣을 수 있으니 빨래에서 냄새도 안 나고 때도 잘 지고 좋은 것 같아요~ 냉수에는 과탄산 안 녹아요 ㅜㅜ 온수모드로 해도 세탁시에만 온수나오고 헹굼 때에는 찬물 나와요~'",네이버 카페
11,리큐,2018.03.15. 11:52,세탁세제에 대해 질문있어요!,"
5월에 출산예정인 예비맘입니다.아기옷 좀 빨려고 하는데요^^가족 모두 아기세제 사용할 예정이구요.예전엔 리큐, 산소크린 넣고 빨래하고섬유유연제 썼었는데에디튜드 무향 세제만 써서 세탁기 돌리나요?아님 추가적으로 더 사용해야 할 세제 있다면알려주세요~그리고 세탁기는 하나인데 아기옷 빼고 저희 옷만아기 섬유유연제 써도 괜찮을까요?ㅜㅜ
","'출산', '예정', '예비', '맘', '아기', '옷', '좀', '가족', '모두', '아기', '세제', '사용', '예정', '이구', '예전', '리큐', '산소', '린', '빨래', '섬유', '유연제', '에디', '튜드', '무향', '세제', '세탁기', '추가', '더', '사용', '세제', '세탁기', '하나', '아기', '옷', '저희', '옷', '아기', '섬유', '유연제'","'에디듀트는 거품이 별로 안나죠??전 그랬고든요~~^^ 그래서 어른거빨기엔 좀 글터라구요나도 세탁기하나로 사용중이라모든가족들 빨래는 비앤비로빨고섬유유연제는 블랑101로해요', '비앤비 하나 사도 잘 빨리나요?', '비앤비가 거품이 잘나요그리고 에듀튜드보다 저렴하니맘놓고 막막넣고 빠는거죠 ㅋㅋㅋ'",네이버 카페
12,리큐,2018.02.19. 12:42,세탁분류 다들 어떻게 하세요?,"
5인가족이다보니..빨래양이많아서..(아이들옷과속옷,어른옷과속옷,수건)이렇게 세번빠는데..자꾸 옷에얼룩이 생기더라구요ㅠ이게..이염인거같은데..아이들옷 어른옷 섞어서. (흰색,검정과진한색과청바지,밝은칼라,수건과속옷)이렇게 해도될까하는데..아이들옷도 리큐세제써도될까싶어서요..아이들이 8살,31갤,18갤 인데..조언좀부탁드려요ㅠ
","'인', '가족', '빨래', '아이', '옷', '속옷', '어른', '옷', '속옷', '수건', '세번', '자꾸', '옷', '얼룩', '이', '이염', '아이', '옷', '어른', '옷', '흰색', '검정', '색', '청바지', '칼라', '수건', '속옷', '해도', '아이', '옷', '리큐', '세제', '아이', '살', '좀'","'아기옷 색별로 빨고 어른옷도 색별로 돌려요 수건또따로 속옷은 세탁망에 넣고 실내복하고같이 돌려요.세탁기 쉬는날이 없어요ㅠㅠ세제는 다같이 울샴푸써요~', 'ㅠ그수밖엔없군요..애들세제따로어른세제따로쓰시죠? 울샴푸로만하시는거예요?', '첨에는 귀찮아서 색별로분리안하고돌렸는데 몇번이나 옷들이 얼룩져서 다시표백하고 고생한적이있어서 그게더힘들더라고요ㅠㅠ그래서 이제는 아에 분리해서 돌려요ㅜ세제는 아기 6갤때까지만 아기세제쓰다가 그후로는 그냥 다 울샴푸로썼어요~', '저는 수건 / 속옷 / 흰빨래 / 색깔옷  >>이렇게 빨아요 속옷은 주로 손빨래해요'",네이버 카페
13,리큐,2018.02.18. 17:43,세탁세제..,"
?통돌이 세탁기 쓰고있어요~통돌이 세탁기는 세탁방식이 가루세제가 더 좋다길래 지금까지 가루세제 썻는데..?많은분들이 퍼실을 쓰고 계시네용..지금 세제 시키려고 하는도중.. 결정장애ㅠㅠ?비트. 스파크. 퍼실. 리큐 중에 고민중입니다ㅠㅠ거품이 많이 나고 때가 잘 빠졌으면 좋겠어요....어떤걸로 시키는게 좋을까요?댓글 부탁드려요~ㅠㅡㅠ 감사합니다^^??????????????★ 잠깐! 게시글?작성 전, 필독 공지! ★- 카페규정 : http://cafe.naver.com/imsanbu/28123090?- 게시판별 운영 정책 : http://cafe.naver.com/imsanbu/35756864?
","'세탁기', '통', '돌이', '세탁기', '세탁', '방식', '가루', '세제', '더', '지금', '가루', '세제', '썻는데', '분', '퍼실', '계시', '용', '지금', '세제', '도중', '결정', '장애', '비트', '스파크', '퍼실', '리큐', '중', '고민', '거품', '때', '걸', '댓글', '잠깐', '게시', '글', '작성', '전', '필독', '공지', '카페', '규정', '게시', '판별', '운영', '정책'","'삭제된 댓글입니다.', '전 뭐살지 고민이에요ㅠ', '세제중 리큐 진한겔이 젤 세탁력은 좋다고 실험한 기사 봤어요 향은 퍼실이좋구요', '아 그런가요? 댓글 감사합니다~~'",네이버 카페
14,리큐,2018.02.04. 20:52,(종료) 리큐진한겔 세제 판매해요 16030원,"
30프로 쿠폰 할인받아 16030이 정도면 핫딜인가요?http://11st.kr/!B17yKT혹시 리필 꼭 통에 담아서 사용하시나요?핫딜 아니면 펑할게요^^
","'프로', '쿠폰', '할인', '이', '정도', '핫딜', '혹시', '리필', '꼭', '통', '사용', '핫딜', '펑할게'","'오 저렴해보이는데요? 정보감사해용', '네 굿밤되세요~', '리큐나 울샴푸나 같다고 보면되나요?', '울샴푸는 니트류 빨래할때 쓰지 않나요? ^^;;;', '넹 ㅜ 리큐를 안써봐서 답변감사해용 ㅠㅠ', '안그래도 리큐 기다렸는데^^  간만에 최저가네요~ 바로 가서 샀어요! 감사합니다^^', '혼자볼땐 고민하다가 다른분들이 같이 동의해주면 사게되는 ㅋㅋ 굿밤되세요~', '핫딜이네요~ 그저께 4개에 15000원샀는데ㅠ', '안타까워요ㅠㅠ', '울샴푸평소에쓰는세제인가요?ㅠ이거 니트류나비싼옷에만쓰는거아니에요?ㅠ좀갈켜주세용ㅎ', '아뇨 그냥 일반세제요~ 추가로 주는 울샴푸가 니트류나 비싼옷에 사용하죠^^', '아ㅋ제거잘못본거같아오ㅎ감사합니다♡♡♡♡', '삭제된 댓글입니다.', '그럼 양 조절은 어떻게 하시나요?', '저렴해요 ~ 덕분에 잘 구매했어요 감사합니당 :)', '이정도면 저렴한거 같아요!! 삽니다 ^^', '이가격이면핫딜요ㅎㅎ저는 테크랑 리큐사용해용..양조절은ㅋㅋ통으로사용하던거 뚜껑남겨놨다가 그걸로조절해요ㅎ', '핫딜이라고 하셔서 사 봤어요^^퍼실 이제 안녕ㅋ', '저는 30 프로 할인이 안되는데 ㅜㅜ 무슨 쿠폰 쓰셨나요....?', '페이지 조금 내리면 쿠폰 링크 있어요 거기 들어가서 받으세요', '그러게요 내려보지도 않았네요 ㅠㅠ 감사합니다', '감사합니다.저번에 샀던 테크보다 싸고 울샴푸까지 덤이네요', '감사합니다~ 카드 추가할인까지 해서 15530원에 샀어요', '감사해요^^핫딜이라하셔서 구매했어요~', '감사해요 저도 세제 다써가서 구매했어요^^', '덕분에 구매했어요.감사해용♡', '가격 오른거 맞나요? ㅜㅜ', '네 어제 하루특가였어요ㅠㅠ', '이제봐서 사려니 가격이 올랐네요 ㅜㅜ힝 댓글 감사해요!'",네이버 카페
15,리큐,2018.02.04. 17:49,"액체세제 테크,리큐 어떤게 낫나요?","
리큐진한겔 이거랑 테크 액체세제 주황색 둘중에 뭐가 좋을지 몰라 둘다 주문하긴 했어요때 잘지워지는걸 쓰고 싶네요 예전에 천연세제가 좋다고해서 천연세제 사다 썼더니만 때 하나도 안지워져서 정말 별로였거든요때 쏙쏙 잘빠지는거 테크랑 리큐진한겔 둘중 뭐가 더 좋죠?참 퍼실 회색통 대용량9L도 주문해놨는데 이것도 괜찮은가요?
","'리큐진한겔', '거', '테크', '액체', '세제', '주황색', '둘', '뭐', '주문', '때', '예전', '세제', '천연', '세제', '때', '하나', '정말', '별로', '때', '쏙쏙', '테크', '리큐진한겔', '둘', '뭐', '더', '퍼실', '회색', '통', '용량', '도', '주문', '것'","'리큐 진한겔이 액체 세제 세탁력 1위엿어요 ^^', '오 세탁력 좋다니 다행이네요 ㅎㅎ 감사합니다~'",네이버 카페
16,리큐,2018.01.16. 09:29,리큐세제 어때요?,"
한번사봤는데요아이들옷세탁괜찮겠죠?
","'한번', '아이', '옷', '세탁'",,네이버 카페
17,리큐,2018.01.14. 01:07,아가들 세제 어떤거 쓰세요?^^,"
셋째 60일 남아에요ㅎㅎ첫째, 둘째랑 터울이 좀 있어서 큰 애들꺼는 일반 성인용 세탁세제 사용중이거든요. (리큐, 아우라)셋째 태어나면서 셋째는 젖병세제, 세탁 세제, 유연제는 다 에티튜드 사용중이구요.첫째부터 아가였을땐 에티튜드가 성분?이 좋아서 쭉 사용했는데....저는 파우더리한 향이 좋아서 바꿔볼까해요. 맘님들은 어떤거 사용중이신가요?^^
","'남아', '첫째', '둘째', '터울', '좀', '애', '일반', '인용', '세탁', '세제', '사용', '리큐', '아우라', '셋', '젖병', '세제', '세탁', '세제', '유연제', '에티튜드', '사용', '이구', '첫째', '아가', '땐', '에티튜드', '성분', '이', '쭉', '사용', '저', '파우더', '리', '향', '해', '맘', '사용', '가요'","'전 배비언스요.. 향도 은은해서 좋아요', '오 안그래도 스킨케어 제품도 베비언스로 바꿔볼까 했는데 같이쓰면 뭔가 더 맞춰가는 느낌 날듯해요ㅋㅋ감사합니다~', '마마앤부요ㅎㅎ', '마마앤부 향 좋나요? 성분도 같이 따지자니 향을 포기해야하고ㅜ넘 어려워요ㅜ', '성분도괜찮고(천연이에요~) 향 아기아기 향나요ㅎ', '감사합니다ㅎㅎ참고할게용!!', '블랑 무향, 센티폴리오 무향, 네이처러브메레 녹두향 쓰고있어요 ㅎ', '저듀 젖병은 에듀트드 세제는 베비언스요 ㅎㅎ 베비언스 세제만쓰는데도 은은하게오래가요 ㅎㅎ', '전 아이너바움 사놨어여..나름 폭풍검색해서 ㅋ출산준비로'",네이버 카페
18,리큐,2018.01.10. 08:50,액츠 파워젤 대용량 4.2리터x4통 싸요!,"
리큐에서 테크로 갈아탔다가 다 쓰고 새로운거 사보려고 찾다가 이번에는 액츠로 사보려고 하는데요(리큐-비교적비쌌음/ 테크-찌든때가잘안지워짐ㅠ)전에 티몬에서 핫딜이라고 나왔을때100미리당? 200원 넘었던걸로 기억하는데엄청 싼거같아요액츠 전용쿠폰 5천원 받고OK캐시백 차감했더니 24천원대 나오네요~저는 다른 세제통에 덜어쓸거라그냥 제일싼 대용량4.2리터짜리 샀는데밑에 리필도 가격 괜찮아요ㅋ11번가 메인에 긴급공수로 떠있어용http://m.11st.co.kr/MW/Product/productBasicInfo.tmall?prdNo=1586448631
","'리큐', '테크', '이번', '액츠', '리큐', '비교', '테크', '때', '전', '티몬', '핫딜', '때', '미리', '로', '기억', '액츠', '전용', '쿠폰', '캐시', '차감', '저', '다른', '통', '라그', '제일', '용량', '리터', '밑', '리필', '가격', '번가', '메인', '긴급', '수로'","'비트액체랑 퍼실만 써봤는데 요것도 좋나요? 싸긴 싸네요', '저도 이건 처음인데 친구가 찌든때 잘빠진다고 하길래 사봤어요 ㅎ', '엄마사드렸어요^^', '저두 두통은 엄마랑 나눠쓰려구요~ㅋㅋ', '저도샀어요~감사해요ㅎ', '세제사려고했는데. 덕분에샀어요~잘지워졌음 좋겠어요ㅎ'",네이버 카페
19,리큐,2017.12.31. 21:30,신생아 옷 세탁할때,"
신생아 옷 세탁할때어른 세탁기에 신생아 옷 세탁해도 될까요?돌릴때 아기옷만 돌리겠지만 그렇게 해도 괜찮나요?남편 양말 팬티 이런거 돌렸던 세탁기에 신생아 옷 돌려도 되는지 궁금해요아 그리고 아기세탁 세제 꼭 써야하나요?리큐 같은걸로 빨아도 괜찮나요?
","'신생아', '옷', '세탁', '때', '어른', '세탁기', '신생아', '옷', '세탁', '요', '때', '아기', '옷', '해도', '남편', '양말', '팬티', '세탁기', '신생아', '옷', '요', '아기', '세탁', '세제', '꼭', '리큐', '걸'","'저도 아기세탁기 안사고 그냥 드럼세탁기 청소만 세번 하고 따로 애기 전용 세제로 돌렸어요~', '어른옷 애기옷 나눠서빨지요~ 근데신생아옷이라 애기세제로 세탁해주시는게좋을듯요ㅎ 새거빨땐 세탁기로하다가 분유물토사물ㅜㅜ묻으면 잘안지워져서 아가용얼룩제거제로 애벌빨래해서 세탁기로돌려요', '저도 아기세제로 그냥 돌렸어요~', '세탁기 같이사용해요', '세탁기안에 남아있는게 있어서 한번 청소하고 빨아주시는게 나아용', '저도 같은세탁기로 어른옷따로 신생아옷따로 세탁하고 있어요. 주기적으로 청소를 해서 그런지 깨끗하게 세탁되더라구요', '출산준비신거죠? 그럼 저라면 차라리 손으로 주물주물해서 여러번 헹구고 탈수만 살짝해서 널것같아요. 새옷에 먼지같은것 제거하는 목적이 크니까요. 어른 세제는 향도 너무 세고 자극적이 지 않을까요?', '둘째 아기 낳구나서 세탁기를 어떻게 써야하나 해서 글 올렸어요^^ 어른세탁기, 아기세탁기, 건조기 따로 있는데 어른세탁기는 분해청소를 최근에 했고 아기세탁기는 안된데서 오랫동안 청소를 못했거든요 그래서 어른세탁기에 돌릴까 했어요 첫애 5살이고 첫애때는 아기세탁기에 아기 세탁세제 썼었는데 지나고 보니 아기 세제가 굳이 필요할까 싶어서 그랬구요 어른 세제가 자극적이다면 아기 세제 알아봐야겠어요^^ 감사해요', '아 아기세탁기는 청소가 안된다고했단 말씀이죠? 지역맘카페보니 아기세탁기 청소도 해주는 업체가 있다고 본것같긴한데요... 이왕 있는거라면 통세척이라도 해서 아기세탁기 따로 쓰는게 좋을 것같은데요. 첫출산준비신가 싶어 아기세탁기 추천드리고 싶었는데 세제 관련 댓글만 썼거든요 ㅎㅎ', '때는 잘 질지 몰라도 어른세제는 향이 너무 강할것같아요 ㅎㅎ 아기세제도 무향으로 썼어요 아주 신생아때는요', '드럼 벽걸이 세탁기인데 저도 지역맘카페에서 알아보고 분해청소를 했었는데 벽걸이는 분해 후 다시 설치할 경우 구멍 뚫었던곳이 헐거워서 떨어질 수 있다고 안해주더라구요; 어른 세탁기 분해 청소 두번째 인데 분해 세탁 할때마다 깜놀할때가 많아서 통세척만 해도 될까 싶었어요; 일단 통세척이라도 해둬야 겠어요~;', '아 벽걸이시구나 ㅠㅠ 제가 쓰는건 삼성껀데 20회 빨래할때마다 무세제통세척 하라구 알림음이 나거든요.. 구연산 등 이용해서 삶기기능이라도 돌리면 좀 낫지 않을까요 ㅠㅠ', '첫애때 선물 받은거라 고를 수 가 없는 세탁기였네요 ㅋㅋ 일단 통세척 먼저 하고 아기 게워낸거나 응가한거 먼저 세탁이나 삶는 용도로 쓰기로 하고 다시 어른 세탁기에 아기세제 넣어 돌려야겠어요 댓글 감사해요 ㅎㅎ', '전 제옷이랑 아가옷 같이 돌렸어요 어차피 애얼굴이 제일 마니 닿는 곳은 제 옷이다 싶어서요 ㅎ', '전 일반 액체세제 조금 넣고 거품 전혀 안나올때까지 헹굼했어요. 세제 성분이야 뭐 다 거기서 거길테죠.', '같은 세탁기에 돌려도 상관은 없을것 같아요. 각각 돌리는거면 대신 세탁조 한번 돌려주시는게 좋을것 같고요. 세제는... 왠만하면 신생아거는 천연으로 쓰는게 낫지 않을까 싶은데요 ㅠ ', '세탁조청소하는 가루로 한번 돌려주고 그냥 어른세탁기에 빨았어요. 아기세제랑 섬유유연제 쓰셔야해요.. 비앤비쓰다 애티튜드써본후 젖병세제고 뭐고 다 갈아타려고 하고있구요.. 어른세탁기 같이 쓰는대신 베이킹소다 한숟갈 넣고 구연산 반숟갈씩 넣고 돌려요. 살균효과 있다해서요~ 그리고 메디록스 사서 침구나 어른 손 많이 닿는곳에 많이 뿌렸네요. 신생아때부터 2개월 끝날떄까지 한달에 한두통씩 사서 썼어요. 혹시나해서 ㅋㅋ 세탁은 온수로 돌리라는데 세탁기 벽에 붙은 먼지도 녹아서 나올까봐 그냥 찬물로 해요. 먼지들어가면 곤란한 손수건 손싸개같은건 망에 넣어야하구 분유물 얼룩이 잘지는 옷이 있어요 그런건 손으로 한번 주무르고 돌려요~'",네이버 카페
20,리큐,2017.11.29. 23:23,아기있는집 어른 세탁세재(드럼용) 뭐 쓰시나요???,"
?아기가 곧 태어나서 아기껀 B&B로 준비해두었는데어른꺼(리큐.퍼실쓰는중)도 이참에 바꾸고싶어서요아기한테도 계속 닿을것같아서요순하고 피부트러블 염려없는 세재?뭐 쓰시나요?????????????????★ 잠깐! 게시글?작성 전, 필독 공지! ★- 카페규정 : http://cafe.naver.com/imsanbu/28123090?- 게시판별 운영 정책 : http://cafe.naver.com/imsanbu/35756864??
","'곧', '아기', '껀', '로', '준비', '어른', '리큐', '퍼실쓰는중', '도', '이참', '아기', '도', '계속', '피부', '트러블', '염려', '뭐', '잠깐', '게시', '글', '작성', '전', '필독', '공지', '카페', '규정', '게시', '판별', '운영', '정책'","'저는 어른 옷도 아기 세제로 세탁해요ㅎㅎㅎ비앤비나 넬리로요ㅎ', '오염된것도 잘 빨아져요~?저도 섬유유연제는 오래전부터 B&B쓰긴해요^^', '전 드럼세탁기 쓰는데 세척력이 좋다고 생각이 안들어서...오염이 심한거는 그 주위 손빨래 후 넣어요ㅎㅎㅎ', '삭제된 댓글입니다.', '저도 지금 그렇게 사용중이에요^^', '저는 과탄산 베이킹소다 지엘..(세제혁명)쓰고 구연산 헹굼 2번 더 추가하고 세탁해요...', '다른세재 없이 저렇게도 하시는군요 아 새로운걸 배웠어요~감사해요', '삭제된 댓글입니다.', '저도 그런생각이 들더라구요 세재도 제법 강한거같아서..제가워낙 피부트러블이 심해서 계속신경쓰이네요 알씀해주신 인디고 알아봐야겠어요~', '퍼실센서티브요 아기랑 어른이랑 같이쓰는거에요 근데 아기껀 따로 전용 쓰고 어른꺼 그냥세제보다 안심되서 많이들 사용하더라구요', '아하~~!  찾아봐야겠어요 퍼실에서도 아기라인이나오는줄 첨 알았어요^^', '베베스킨꺼 같이써요~잘빨려서 좋네요^^저도 첨에는 제꺼애기꺼&남편꺼 따로했는데   이젠 같이돌려요~색깔구분정도만해서요~', '혹 언제부터같이 세탁해도되는걸까요?', '음...저는 한두돌? 정도부터 같이 막돌렸던거같애요~지금 32개월인데 올해들어서고부터 돌린거같거든요..사실 따로하다보니 귀찮기도하고 슬슬크니까 괜찮겠지...하고 걍돌렸는데 괜찮더라구요^^;;', '아~~ 시간이 살짝 필요할것같군요^^전 다음달에 태서나고 신랑이 흡연을해서 영..신경쓰여서요 감사합니다~^^', '아...흡연하시면 금연전까지는 따로하셔야겠어요..저희신랑은 담배안피거든요;;에고ㅠ끊으시는게 좋을텐데요ㅜㅜ걱정많으시겠어요ㅜㅜ'",네이버 카페
21,리큐,2017.11.29. 21:29,세탁세제 리큐z 괜찮나요??,"
세탁세제를 다써가서 사려고 하는데요괜찮나요??
","'세탁', '세제', '사려'",,네이버 카페
22,리큐,2017.11.27. 11:07,신생아 빨래,"
신생아 빨래할때요 그냥 어른이쓰던 세제로 세탁기에 돌려도 상관은 없죠? 굳이 아기용세제 써야할 필요가 있나요??? 안되는건가.......리큐세제 쓰고있는데 그걸로 빨래해도 될까요??★ 잠깐! 게시글?작성 전, 필독 공지! ★- 카페규정 : http://cafe.naver.com/imsanbu/28123090?- 게시판별 운영 정책 : http://cafe.naver.com/imsanbu/35756864
","'신생아', '빨래', '때', '그냥', '어른', '세제', '세탁기', '상관', '굳이', '아기', '용', '세제', '필요', '건가', '리큐', '세제', '걸', '빨래', '요', '잠깐', '게시', '글', '작성', '전', '필독', '공지', '카페', '규정', '게시', '판별', '운영', '정책'","'피부가예민한아기들은 아토피나 피부가불긋불긋올라온다고도하더라구요..^^', '아하 그렇군요!', '아기용 세제로 쓰셔야해요. 없으시다면 베이킹소다랑 구연산넣고 살짝 삶아야해요', '아~제가 완전초보라..', '아직 아가는;;피부가 연약해서 어른들이 쓰는 세제는 표백제라든지 계면활성제라든지 안좋은게 많이들었기때문에 아가용을 쓰는거라 알고있어요.나중에안생길 아토피도생길수있고접촉성 피부염이라던가ㅜ안생길애들은 안생기겠지만 굳이 안생길걸 생기게하는 일은 예방하는게 좋지않을까요.', '아 그런가요? 아기세제써야겠네여ㅋ', '순한 세제쓰셔야해요리큐는 향도 너무ㅈ독하던데 아이가 빨거나 피부에 닿기때문에 아기세제쓰셔야 해요', '감사합니다~'",네이버 카페
23,리큐,2017.11.06. 04:54,성인빨래세제 뭐쓰시나요?,"
리큐쓰는데 다써가서요뭐가좋은가요 드럼세탁기입니다
","'리큐', '뭐', '드럼세탁기'","'전 퍼실이요~요즘엔 속옷 수건 같은건 퍼실+유한젠 섞어서 쓰고여외출복은 애경에서나온 울샴푸여! ', '엘지꺼 액체세제영~', '한장씩넣는 피지 쓰고있어요 그냥 편해서요', '퍼실쓰다가 너무 헤프게쓰게되서 한장세제 쓰다가 한입가루세제 쓰는데 아는 언니가 지엘 괜찮은거 같다해서 지엘써보려해요'",네이버 카페
24,리큐,2017.11.03. 21:46,"(추천좀.)세탁세제바꾸려는데 퍼실무슨색이 좋아요?,","
종류가많네요리큐액체 쓰다가 바꿔보려구요
","'종류', '요리', '큐', '액체'","'전 하이진젤쓰다가 진초록색깔 말통으로 사서 쓰고있어요 뭘쓰던 세정력을 잘 못느끼겠어요', '진초록요?   세정력 모르시겟다구요? 퍼실별로에여?!', '아 깨끗하게 빨린다는걸 잘 모르겟더라구요 ! 냄새는 좋아요', '넵참고할게요~~', '센스티브 알러지케어 나온건데 좋은듯 해요~ 통이 흰색이예요~ 아이도 써도 된다해서 같이 쓰고있어요', '퍼실 센스티브가 잇군요  고민해볼게요 감사욧'",네이버 카페
25,리큐,2017.11.03. 09:59,세탁세제 뭐쓰세요?,"
온가족 아기세제 쓰다가 리큐제트? 써보려는데ㅡ써보시느맘들 계신가용???  애기들 밥먹고 다 흘리고 과일물들고 해서  옷이 얼룩덜룩 하네요 ㅠㅠ6번빤듯깨끗하다해서 써보려는데 어떤가요?? 
","'가족', '아기', '세제', '리큐', '제트', '보시', '느맘', '애기', '밥', '과일', '옷', '번', '가요'","'리큐 퍼실 등등 이것저것 다 써봤는데 6번빤듯 드라마틱하게 빠지는 세제는 아직까진 못본듯요ㅜ 과탄산소다에 담궈놨다 빨거나 얼룩제거제 같이쓰고있어요', '아 그래요?! ㅜㅜ 찾아보면 다 체험단에 광고뿐이라 ㅠㅠㅠㅠ 뭐쓰고 계세요?', '저는 홈쇼핑에 퍼실 센서티브 나오면 그거 쟁겨놓고 애기꺼랑 다 같이 돌려요ㅎ', '아는언니한테 추천받은건데 에코버 얼룩제거제  얼룩묻은곳에 묻혀놓고 1시간후에 세탁기돌리니까 없어졌어요 근데 아직몇번안써본거라 다지워지는지는 모르겠네요..'",네이버 카페
26,리큐,2017.10.29. 00:08,[드림] 각종 세탁세제류 드림합니다,"
이사 하면서 안쓰는 세제 정리하면서 버리기아까워 드림하려합니다.몇년 전에 구매하거나 선물받은 것입니다.다우니 페브리즈1개진한겔 리큐(드럼세탁기용) 2개파워젤 1개(드럼용)다 개봉안한 새 제품입니다.문래동 남성아파트입니다.이사 짐정리 때문에 직접 오셔서 가지고 가시면 좋겠습니다^^
","'이사', '세제', '정리', '드림', '년', '전', '구매', '거나', '선물', '것', '다우니', '페브리즈', '개진', '겔', '리큐', '드럼세탁기', '용', '개', '파워', '젤', '개', '드럼', '용', '개봉', '안', '새', '제품', '문래동', '남성', '아파트', '이사', '짐', '정리', '때문', '직접', '가지', '가시'","'삭제된 댓글입니다.', '첫번째로 댓글 달아주셔서 드림하겠습니다~', '저요~ 저흰 반대로 이사 가거든요 ㅎㅎ  아무것도 없어 다 구매해야 하는데, 주시면 감사히 잘 쓰도록 하겠습니다~^^', '첫번째로 댓글 다신 분이 계셔서ㅠ감사합니다.이사 잘하시구요^^'",네이버 카페
27,리큐,2017.09.30. 10:07,세제 뭐 쓰세용??,"
애기 세제 말고 그냥 쓰시는 세제요!!!리큐 썼는데 회사때문에 이제 불매하려구 딴거 알아봐야하거든용 추천해주세요!
","'애기', '세제', '그냥', '쓰시', '세제', '리큐', '회사', '때문', '이제', '불매', '용', '추천'","'퍼실 써요ㅎ', '저도 퍼실!', '퍼실 센서티브쓰고있어요', '액츠여'",네이버 카페
28,리큐,2017.09.24. 00:39,세탁세제 퍼실..어때요? 다른제품도 추천~,"
세제값을 비교 안하고..샀었고..좋은지 안좋은지도..모르고..그냥썼어요..ㅎ퍼실 썼는데..다른제품.리큐나..등등 가격조보니 월등히 싸더라구요..놀랬어요..ㅎ퍼실이 세탁력이 좋은가요?무난하게 써왔는데..다른제품이 싸니..바꿀까 싶기도 하구여..꼼꼼하신 주부님들은 성분이런거 잘 보시든데..가격대비 괜찮은 제품 추천 해주세요..과탄산 식소다 세제로 세탁합니다
","'값', '비교', '안', '그냥', '퍼실', '제품', '리큐', '등등', '가격', '조보', '퍼실', '세탁', '무난', '제품', '주부', '성분', '보시', '데', '가격', '대비', '제품', '추천', '과', '탄산', '식소', '세제', '세탁'","'다른제품쓰다가 다시 퍼실로 돌아오실거에요 ㅋㅋㅋ 다른건 너무 묽거나 세제가깨끗하게안되는느낌도 들어요 저도 퍼실 지금 몇년째 쓰는데 피지나 리큐 다 써봐도 결국 후회하고 다시 퍼실...이에요 ㅋㅋ', '시원한 답변 감사합니다~', '퍼실 종류가 너무 많은데 어떤거 쓰시나요??추천 좀 해주세요~', '새로나온 하이진은 너무 묽어서 별루에용 ㅋㅋ 향은 좋긴한데 하이진은 진드기사체까지 해준다고 광고하구용 향은 유칼립투스향이에요!! 일반 퍼실보단 더 묽어용컬러젤보단 파워젤이 좋은거같아서 전 파워젤만써용!! 컬러젤은 보통 홈쇼핑에서 마니파는데 색상있는 옷을 선명하게 해준다고 광고해요 ㅋㅋ 파워젤은 흰색을 더 깨끗하게 해준다고 광고하고 전 남편 와이셔츠도 빨때같이써서요!! 파워젤 라벤더만 사게되드라구용 ! 라벤더가 초록색보다 향이 은은한거같아용~!', '라벤더 향 안 강한가요?? 향 좋으면 섬유유연제 쓰지 말아야할까봐요~ 혹시초록은 향이 별론가요?? 답글 고맙습니다~', '초록색이 일반향이에요 ㅋㅋ 둘다 비슷비슷해용 전 퍼실하고 섬유 다해요! 은은한거 조아하시면 퍼실+피존(묽은섬유) 이거 추천드려여 ㅋㅋㅋ 근데 전 향기마니나는거 조아해서 다우니 해요 ㅋㅋ', '고맙습니다~ 라벤더 주문했어요~^^^', '넹! 라벤더 써보고 나중에 초록이도 한번 써보세용ㅋㅋ !', '저도퍼실만쓰게되네요...ㅋㅋ', '네네 고민 안하고 살께요', '저는 퍼실 쓰면서 과탄산수소랑 베이킹 소다도 섞어 따뜻한 물에 희석시켜 같이 넣어용!!!', '퍼실만4년째쓰네요.하하하', '저도 다른거 다 써보다 결국 퍼실이네요^^'",네이버 카페
29,리큐,2017.08.30. 16:35,지9)리큐 특가 ㅋㅋ 구입했어용 ,"
2.1리터 2개에 300ml 증정 해주는데 8,900원에 무료배송이에요!리큐 제품 써봤는데 세정력이 좋더라구요저렴해서 공유해봐요~!!ㅎㅎhttp://www.g9.co.kr/Display/VIP/Index/997694273
","'리터', '개', '증정', '무료', '배송', '리큐', '제품', '정력', '공유'",'리큐 좋더라구요~^^',네이버 카페
30,리큐,2017.08.21. 11:25,옥시크린 같은거요...,"
세탁기 삶음모드에 과탄산인가 뭔가 넣어서 돌려도노란때?? 같은게 안사라지네요...뭐 방법 없나요?옷을 삶을만한 큰 냄비가 없어서...직접 삶기는 불가해요ㅠㅠ옥시크린 말고 옥시크린 같이때 지워주는 그런거 추천해 주세요되도록 대형마트 또는 일반 수퍼에서도파는거면 좋겟어요.지금 세탁기 세제는 퍼실 초록이 써요~손빨래 세제는 리큐 써요.세탁기 드럼입니다
","'세탁기', '모드', '과', '탄산', '뭔가', '때', '뭐', '방법', '옷', '냄비', '직접', '옥', '시크', '린', '옥', '시크', '린', '때', '추천', '대형', '마트', '일반', '수퍼', '지금', '세탁기', '세제', '퍼실', '초록', '손', '빨래', '세제', '리큐', '세탁기', '드럼'","'삭제된 댓글입니다.', '전에 스텐 보온병에 썻다가 다 벗겨져서 무서워서 구연산 안쓰고 있는데 세탁기 돌려도 괜찮아요??', '과탄산을 세탁기에 넣지마시고 노란때 위에 뿌리고 뜨거운물에 하루담궈놓으면 빠져요~', '뜨거운 물 삶음 모드로 해서 세탁기 돌렷는데 안빠지던데... 그냥 담가놓는게 더 효과 좋나요??', '저는 때가 좀 심한부분은 과탄산 넣고 세제 조금 넣구요 뜨거운물 좀 부었다가 식을때까지 기다렸다가 문대요 ~~   그러니 깨끗해지더라구요 ~', '아.... 한번 해봐야겟네요ㅜㅜ'",네이버 카페
31,리큐,2017.07.16. 15:24,엘지 세제 할인폭 좋아요 살포시 걸어봅니당,"
리큐세제 쓰다가 똑 떨어져 퍼지 세제 사려다브랜드 쿠폰 6천원 있어서 조심스레 올려봅니다물건 마니 빠졌어요~~다른 핫딜있음  자삭 할께요^^http://mapi.wemakeprice.com/mobile_app/direct_to_app/1835374
","'리큐', '세제', '똑', '세제', '사려', '브랜드', '쿠폰', '조심', '스레', '물건', '다른', '핫딜있음', '자삭'",'마침 떨어져갔는데 싸게 잘 샀어요^^감사합니다',네이버 카페
32,리큐,2017.06.28. 11:50,어른세제추천부탁드려요~~,"
세탁기에 세제 넣고 빨래돌려놓고 중간에 확인한적이 없었는데 며칠전보니 헹굼을 다섯번하는데 마지막 헹굼시에도 거품이 엄청나드라구요ㅜㅜ세제를 ?진짜조금 넣었는데두 그래요제가 피부가 안좋아서 좋은세제를 쓰고 싶은데 점싱질 (액츠 리큐 테크..)이런거 안좋다고 해서 한입담은 식초세제(점성이 아니라 물 액체 타입)썼는데 거품이 심해요..다른 세제도 그럴수도 있는데 확인한적은 없구요..애기세제를 써볼까도 했는데 세탁력이 너무 약하다해서요ㅜ 남편빨래에서 땀냄새를 없애야해요^^;;좋은세제 추천부탁드려요~~~~~~
?
▶ 카페이용 전 반드시 카페규정?http://cafe.naver.com/imsanbu/28123090 을 미리 숙지하시어???? 규정위반으로 인한 카페활동제약 등 불편함이 없으시길 바랍니다.
?
▶ 각 질문방의 주제에 맞지 않는 글들은 적정한 게시판으로?각 무통보 이동됩니다.
?
▶?타인에게 불쾌감을 줄 수도 있는 사진들은?자제해주시고,?부득이한 경우에는 매너사진으로 올려주세요.????? (공지 http://cafe.naver.com/imsanbu/18729542?2번항 참고)
?
?
?
?
?
?
?
?
?
?
?
?
?
?
?
?
?
?
?
?
?
?
?
?
?
?
?
?
?
?
?
?? 
??
?
?
?
?
?
?
?
?
?

? 
?
? 
?
?
?
?

?
?
?
?
?
?
?
?
?
?
?
?
?
?
?
?
?
?
?????????
","'세탁기', '세제', '빨래', '중간', '확인', '한적', '며칠', '전보', '헹굼', '다섯', '마지막', '헹굼시', '거품', '드', '구', '세제', '제', '피부', '세제', '점싱질', '액츠', '리큐', '테크', '입담', '식초', '세제', '점성', '물', '액체', '타입', '거품', '심해', '다른', '세제', '확인', '한적', '애기', '세제', '도', '세탁', '서요', '남편', '빨래', '땀', '냄새', '해', '세제', '추천', '카페', '이용', '전', '반드시', '카페', '규정', '미리', '숙지', '규정', '위반', '카페', '활동', '제약', '등', '각', '질문방', '주제', '글', '게시판', '각', '무', '통보', '이동', '타인', '불쾌감', '줄', '수도', '사진', '자제', '부득이', '경우', '사진', '공지', '번항', '참고'",'베이킹소다 과탄산 식초를 이용해서 빨래하세요~',네이버 카페
33,리큐,2017.06.21. 17:07,자연으로빨래해요 세탁세제,"
요즘세제갈아타려고 이것저것알아보고있어요..이마트에서 구경하다가 유한양행에서 나온 BOL 자연으로빨래해요 라는제품을봤어요.퍼실이나 피지 리큐 그런것보다 훨씬가격도저렴했고..용량도부담없는크기라좋더라구요..사용해보신분..계신지..어떠신지..??계면활성제부분에예민해서..선뜻 물건선택을못하겠더라구요~~~
","'요즘', '세제', '것', '것', '이마트', '구경', '유한양행', '자연', '빨래', '해', '제품', '퍼실', '피지', '리큐', '것', '가격', '용량', '부담', '크기', '사용', '신분', '신지', '계면활성제', '부분', '선뜻', '물건', '선택'",,네이버 카페
34,리큐,2017.06.17. 22:31,티몬 화장지 대박싸요.,"
깨끗한나라 순수 블루 천연펄프화장지 2팩에 12900원에샀어요. 가보세요 얼른...또 다른정보는 애경상품도 엄청싸요. 지금 다운받아지는진 모르겠는데 아까까지만해도 됐거든요.2만에 8천 장바구니 쿠폰쓰면 샴푸부터 바디워시 리큐까지 엄청싸게 다살수있어요.http://www.ticketmonster.co.kr/deal/572308594
","'순수', '블루', '펄프', '화장지', '팩', '얼른', '또', '정보', '애경', '상품', '지금', '다운', '해도', '장바구니', '쿠폰', '샴푸', '바디', '워시', '리큐'","'감사해요 방금 다른데서 산거 취소하고 바로 샀어요', 'ㅋㅋ 이 화장지 자주사는건데 역대 최저가로 샀네요', '이 화장지 괜찮나요? 안그래도 구매해야하는데', '무난해요 천연펄프면 기본은하죠', '어떤게 괜찮나요?1번 써보신분 ~~~', '두껍고 질좋은화장지 에요~저거만써서 ^^', '순수랑  더순수 ~둘다괜찮아요', '구매했어요 고맙습니당~~^^', '홈쇼핑보다 싼가요?', '이거기다리고있었는데 감사해요^^!!순수 30 m30롤갈색 무형광천연펄프 무향은  돈만원에 딜잘안떠요 마트가면 아무리싸도 13000~16000원 정도하는거로알고있어요~올려주셔서 감사해요~!', '잘샀어용ㅎㅎ', '5천원쿠폰은 어디서주는건가요?글구 2만에 8천 장바구니쿠폰도 알려주세요~~', '여기있어요', '감사합니다~^^', '감사해요', '5천원밖에 할인인안되여ㅜ 장바구니3천원은 중복이안된데요', '?  화장지는5천 애경상품은 8천입니다.', '감사합니다^^', '12900원은 어떻게 쿠폰적용해야살수있어용?', '5천원 쿠폰뿐이 없네요 ... 12시가 지나서 그런지 ㅠㅠ', '덕분에 감사합니다^^', '딱 필요했는데, 덕분에 싸게 잘산듯해요~ 감사합니다~^^', '안그래도 휴지 똑 떨어졌는데 덕분에 순수 블루 저렴하게 잘샀어요 감사해요^^^^', '감사해요', '2번 써보신분 어떤가요?', '감사해용^^', '저는 왜 이렇게밖에 안될까요 ㅠ?', '저도 그래서 야밤에 한참 고생했는데 화장지는 5000원 할인이 끝이고, 애경 다른 제품이 2만원이상 8000원 할인인가봐요. ㅠㅠ', '진짜싸네요', '매진이네요ㅠ'",네이버 카페
35,리큐,2017.06.09. 16:16,세탁세제 추천좀해주세요 ㅠㅠ때가 잘안져요,"
걍 트레더스에서 리큐진한거 샀는데 구닥이네요큰거 겨우 다써서 이제 또살려는데어른옷 세탁할거라 때가 좀 잘지는거면 좋겟어요특히 신랑옷때가 ㅡㅡ;;어떤거 쓰세요 요즘 세제가 종류가 하도 많아서 모르겟어용
","'트레더스', '리큐', '닥', '요', '겨우', '이제', '또', '어른', '옷', '세탁', '때', '좀', '신랑', '옷때', '요즘', '세제', '종류'","'산소계표백제랑 같이해보세요~~', '어떤건가요??', '한번 애벌하시는게나아요 좋다는거 다써봐도 안되는듯해요', '애벌이 어떻게 하는거에요?', '밑에분이설명해주셨네용~~', '얼룩진 곳만  먼저  세제 묻혀서 문질러서  본세탁  하셔도  잘  지워질거에요.', '전 퍼실컬러젤 쓰고 있고 흰옷은 과탄산소다 섞어 세탁해요 옷을 거의 한번 입고 세탁해서 세정력은 어떤지 모르겠는데 하얀수건 5년째 하얗게 쓰고있어요 한달에 한번 정도씩 삶긴 하지만요 퍼실 만족해서 쓰고 있어요', '드럼세탁기인데 과탄사소다는 처음에 옷이랑 같이 넣으면 될까요?', '전 통돌이 쓰는데 과탄산 소다 첨에 세제랑 같이 넣어요'",네이버 카페
36,리큐,2017.06.08. 15:28,퍼실vs리큐. 세탁세제 뭐 쓰세요?,"
퍼실 사용중인데 다 떨어져서 사려고 보니까비슷한 느낌인데도 리큐가 훨씬 저렴하더라구요둘 다 써보신 분들 계시나요? 가격과 효과를 고려했을때 뭐가 좋을까용?ㅎ
","'퍼실', '사용', '사려', '보', '리큐', '둘', '보신', '가격', '효과', '고려', '때', '뭐', '용'","'삭제된 댓글입니다.', '퍼실로 해야겠네요 감사해요ㅎㅎ', '퍼실이 더 괜찮아요~~퍼실은 아기한테 써도 괜찮데요', '퍼실로 사야겠어요 감사해용ㅎㅎ', '저 리큐 쓰는데 만족이요!!'",네이버 카페
37,리큐,2017.05.29. 21:15,혹시 아기세제 따로 안쓰시는분 계세요?,"
출산준비하면서 아기 온 빨아놓으려는데 ..사실 세제에 별로 신경 안썼거든요 그냥 아기세제 만 따로쓰고 한 세탁기로 빨아야겠다 하고 있었는데 지인이 어른세제 찌꺼기가 세탁기에 다 남아서 아기세제 쓰는 의미가 없다고 ..그소리 들으니까 어찌해야하나 싶은거예요 지금 세탁기가 21키로 짜리에 세제는 리큐 진한겔 드럼용 에 유연제는 다우니 ..게다가 6개 이상씩 사재기 했으요 ㅡㅡ 근데또 8갤 이후부터 제가 소양증이 점점 심해져서 혹시나 애기 피부가 약하지나않을까 싶은 생각도 들고 ..아기세탁기가 살짝 욕심이 났는데 둘곳도 없고 이래저래 고민이네요 어떻게 하는게 좋을까요?저 지혜를 좀 나눠주세요 
","'출산', '준비', '아기', '온', '사실', '세제', '별로', '신경', '그냥', '아기', '세제', '만', '세탁기', '지인', '어른', '세제', '찌꺼기', '세탁기', '남아', '아기', '세제', '의미', '소리', '어찌', '지금', '세탁기', '리', '세제', '리큐', '진한겔', '드럼', '용', '유연제', '다우니', '게다가', '개', '이상', '사재기', '또', '이후', '제', '소양증', '점점', '혹시', '애기', '피부', '생각', '아기', '세탁기', '살짝', '욕심', '둘', '곳도', '고민', '요', '저', '지혜', '좀'","'삭제된 댓글입니다.', '큰애가 7살에 시엄마 까지 같이 사셔서 ..이래저래 큰 고민이네요', '아기 옷 빨기 전에 세탁기 통 청소했어요. 전문으로 해주시는 분께 부탁하는 분 많다 들었는데 네이버로 검색해서 셀프로 한 다음 아기 세제로 아기 옷 세탁했어요. 돌 지났는데 아기 피부 너무 이쁘고 별문제 없어요. 세제만 구분해서 한 세탁기로 어른꺼 아기꺼 세탁 잘 하고 있네요.', '저도 아기세제문의글 올렸었는데, 신랑이랑 저의 생각은 예전엔 걍 빨래비누로 다 빨았는데 요즘은 그냥 아이전용이라고 내세워서 돈 더받고 장사하는거같다.가 답이였어용ㅋㅋㅋ저도 34주라 곧 세탁들어갈껀데 헹굼만 여러번 해주라는 조언을 들어서  그렇게 하려구요ㅎㅎ글고 엄마옷도 아이피부에 닿는데 엄마옷은 어른세제에 피존에 다 들어갔잖아용~~~ 그래서 저희는 세제는 안사기로 했답니다 ㅎㅎㅎ', '저도 공간 마땅치않아서 세탁기를   따로 둘 수는 없는 상황이라..아기태어나기전 손수건빨래는 손빨래해놨는데..정말 생각보다 힘들더라구요..사실 알면서도 어쩔수없이 하는 부분들이 생겨요..그나마 세제는 천연세제로 쓰면서 위안하는 중이네요.. ㅠ ㅠ', '친환경 세제나 아기용 세제로 해서 빨아요. 섬유유연제는아예 안써요. 첨엔 베이킹소다랑 과탄산 섞어서 쓰다 요즘엔 플로랄맘 이라는데서 파는 세탁세제 쓰네요.. 헹굼 추가 해서 4-5번 헹구고요. 같은 세제로첨엔 아이옷 구별해서 빨다가 돌지나고는 차츰 같이 섞어서 빨고있어요..', '다우니 예전에 무슨성분 나왔다그래서..아가꺼는 좀 불안해요세탁조 청소하시고 아이껀 따로 쓰시는걸 권해요'",네이버 카페
38,리큐,2017.05.14. 14:27,리큐일반용세제,"
드럼세탁기에 써도되나요..?
",'드럼세탁기',,네이버 카페
39,리큐,2017.05.13. 20:11,AB형 그녀님 묻지마드림 후기,"
알바 갔다가 돌아오니 집 앞에 무거운 택배가 있어 들고 들어 와서도 도대체 이게 뭘까~시킨게 없는데... 뜯어 보니 더 모르겠는 세탁세제;;어제 묻지마 1탄 보내 셨다던 AB형 그녀님 채팅이 생각나서 아하! 했네요.아기꺼가 올 줄 알았는데 의외의 세심한 선물에 엄지척 날려요.세제도 꽤 비싼데 한박스나 보내시고;;돌잔치 준비로 비용 발생도 클텐데 받으면서도 감사와 이런 저런 염려가 되더라구요.울집 꼬맹인 저게 뭔지도 모르면서 박스안에 들어가서 자기한테 달라고 손짓 하네요ㅎㅎ무거워서 들지는 못 하더라구요.엄마가 리큐로 옷 깨끗하게 빨아줄게♡AB형 그녀님, 뽑아 준 알밤공쥬님 고마워요~
","'알바', '집', '앞', '택배', '도대체', '이', '뭘', '더', '세탁', '세제', '어제', '셨다던', '형', '그녀', '채팅', '아하', '아기', '줄', '의외', '세심', '선물', '엄지', '척', '세제', '꽤', '박스', '돌잔치', '준비', '비용', '발생', '감사', '저런', '염려', '집', '꼬맹', '저', '지도', '박스', '안', '자기', '달라', '손짓', '무거워', '못', '엄마', '리큐', '옷', '형', '그녀', '준', '알밤', '쥬'","'삭제된 댓글입니다.', '감사해용♡', '아이들은 박스개봉하면 무지 신나하죠ㅎㅎ', '고양이랑 똑같아요. 박스는 자기꺼ㅎㅎ', '딸은박스에들어가노나요?울집 아들래미는 박스뜯어재끼며놀아요ㅜㅜ', '엄훠~  다르시네요ㅋㅋ 박스 뜯을 힘은 없어요ㅋㅋ박스집을 좋아하는 딸랑구에요 ㅎㅎ', '삭제된 댓글입니다.', '감사합니다~', '알바끝나고 들고오시느라 고생하셨어요??그거 무거운거 저도 아주 잘 알거든요. 근데 쟁여두면 더 든든하니 ㅎ ㅔ~~월요일에 묻지마 2탄 갑니다??공주님 넘  귀여워요??', '세심함에 더 감사 드려요ㅠㅠ아가 옷 더 깨끗히 빨아서 입힐게요ㅎㅎ그간 넘 편하게 살았는지 돈 버는게 몸이 고되네요ㅠㅠ', '몸상하지않게 요령껏 힘내세요~~ ??홧팅이예요??', '넵! 화이팅 할게요~', '박스에 쏘~옥~~ 아이고 귀여워라~~♥♥', '귀요미는 하나도 안 귀엽게 찡찡대며 잠 들었어요~', 'ㅎㅎㅎ 오늘 엄마 보고싶었을테니 좀 봐주기로해요 ^^ 오늘도 알바 하시느라 고생하셨어용내일도 가시나요?', '넵 일을 못해서 힘들어요;;; 집 나감 개고생이라더니 ㅠㅠ', 'ㅠㅠ 야무지게 잘 하실텐데 더 잘하려고 하니 그럴수도 있어요다음에는 조금 더 가까운 곳으로...ㅠㅠ'",네이버 카페
40,리큐,2017.04.30. 01:52,저번에마트카트 몇몇분 찾으시는듯해서(정보에요),"
이마트 리큐사면 카트증정했거든요 페이백도 해주고 ,지금은 바뀌어서 달라졌더라구여 행사는 계속하는데 지점마다 다른듯하구요 롯데마트에서  어제 일동후디스 떡뻥두개사면 반값이여서 간김에 둘러보니 화장품코너 이니스프리 스킨푸드 더페이스샵 비욘드 등등 카트하나씩 앞에 다있더라구요 얼마이상 사은품 같은데 아가땜 구경못하고 지나가다만 봤어요 롯데마트 안에 화장품코너나 이마트도 있을듯해요 오프라인 매장에서 화장품 사시는분들중 마트카트 필요하심 함 마실겸 다녀와보셔요~ 전 영수증땜 낼 잠시 들를예정인데 정보 필요하심 가격이랑 사진찍어와볼게요~ 참고로 리큐카트는 냄새가 좀나요 카트소재자체에서 나는듯 하여 복도에두고 장보러갈때 들고가는데 유모차보다 신세계입니다 띠매고 물건후딱들거오기 정말 간편해요 매번 봉투안써도 되고요 화장품코너쪽 카트는 핑크도잇고 디자인예쁜거 많았어요 댓글로 궁금하신부분 남겨두심 최대한 알려드려볼게요~ 
","'이마트', '리큐', '사면', '카트', '증정', '페이', '백도', '지금', '구', '행사', '계속', '지점', '롯데', '마트', '어제', '일동후디스', '떡뻥', '개사', '반값', '간김', '화장품', '코너', '이니스프리', '스킨푸드', '더페이스샵', '비욘드', '등등', '카트', '하나', '앞', '얼마', '이상', '사은', '품', '아가', '땜', '못', '롯데', '마트', '안', '화장품', '코너', '이마트', '해', '오프라인', '매장', '화장품', '사시', '분', '중', '마트', '카트', '심', '함', '겸', '전', '영수증', '땜', '낼', '잠시', '예정', '정보', '심', '가격', '사진', '참고', '리큐', '카트', '냄새', '카트', '소재', '자체', '복도', '에두', '장', '때', '유모차', '신세계', '띠', '물건', '정말', '매번', '봉투', '화장품', '코너', '쪽', '카트', '핑크', '디자인', '댓글', '부분', '심', '최대한'","'어떤카트인가요?', '마트장보는 카트요 그 구르마??같은거요 이미지 찾아올게요 ㅎㅎ', '요런핸드카트요 검색하다보니 가격저렴하네요~ 혹 겸사겸사 가실분이나 살거사시면서 덤받으심좋을듯하구요 저 내일 가는김에 금액얼마사은품인가랑 사진찍어볼게요~이쁘다라구요 화장품코너꺼는요'",네이버 카페
41,리큐,2017.04.21. 14:25,타이드 세제?써보신분?!,"
이세제 써보신분 계실까요? 리큐만 쓰다가 바꿔보고싶은데 세척력이 어느정돈지 알고싶어서 여쭤봐요~!
","'세제', '보신', '요', '리큐', '세척', '정돈'","'저이거써봤는데 조금만 쓰세영잘안헹궈지더라구요 ㅠ', '아 그래여? 때는잘빠져요?!', '잘빠지는지는 모르겠어요 ㅠ'",네이버 카페
42,리큐,2017.04.21. 14:08,돌잔치후기입니다!,"
?▶ 돌잔치 자료실 및 궁금증 방 후기 및 답사글은 금지입니다.
??? (돌잔치 후기는 후기방에만 게시 가능 / 그 외 카페 내 어느 게시판에서도 게시 불가)
?
▶ 돌잔치관련 공동구매모집은 중단된 상태입니다. (해당 내용은 작성이 불가)
?
▶ 순수 후기가 아닌 답사 / 이용 / 계약후기와 특정업체홍보성활동으로 판단 될경우에는 
??? 게시물 삭제는 물론 카페 이용 또한 제한될수 있으니 주의 바랍니다.

?
-의정부점 플로렌스후기- 퀼리티 좋습니다.! 건물이 고급져요^^ 대위받는기분이랄까?
?
돌잔치를 또 하게된다면 플로렌스에서 하려구여^^! 일부러 홍보하려고 그러는거아니구여 잔치해보고 난 후의 저에 의견이랍니당!?앗! 홀안에 뷔페가 있어서 손님들이 너무 좋아하셨어요!????????????????????????- 잔칫날 플로렌스 도착시간: 메이크업을 하기위하 3시간 일찍 도착하였습니다.?-주차장 = 1층에 차를 주차하고 도우미분께서 짐을 옮겨주심.?- 메이크업 끝나고 사진찍음 ?1. 돌잔치 후 소감 = 성공적이였습니다. 만족!?2. 음식. ? ? ? ? ? ? ?= 역시나 스테이크 인기최고!?? ? ? ? ? ? ? ? ? ? ? ? ? ? 식사도 다들 만족하셨습니다.?? ? ?80명예약했구요 100가까이오셨는데 예약한인원수에서 20프로는 충당이된다기에 다행히 음식이 모자라지않았습니다.??3. 돌잔치 엠씨분도 좋았습니다.??4. 홀에 매니저분께서 꼼꼼히 챙겨주셨습니다.?5. 돌잔치 행사끝나고 돌상 떡과 과일을 가족분들에게 나눠드릴 수 있게 깔끔하게 포장해주셨습니다.??치즈케이크도 포장해주시고 넘나 맛있음 ( 아직 몇조각 냉장고에 있다죠 아껴먹는중)??메이크업해주신 언니세요!?????6. 한복/메이크업 =강승희메이크업 (대만족??)엄마/아빠/아기 한복 + 메이크업 = 22 금액 차이 날수도있어용! ?인터넷보다 훨훨 싸요엄청 저렴!?메이크업소감은 지극희 제 의견일뿐이예요 사람마다 스타일이 달라서 ^^?- 잔칫날 플로렌스에서 아기옷 대여해주잖아용? 전 드레스랑 한복다입혓어요 ㅋㅋ 욕심쟁이가자마자 먼저 아기옷 고르고 메이크업했어요.?전 내추럴한 느낌이 좋아서 미리 말씀드리고?15분만에 다끝났어요 ㅋㅋ 너무 빨리끝나서 당황제가 뷰티에 관심이많은데요 화장잘하시드라구요!?너무 진하지않고 덕지덕지 느낌도안나구 업스타일도 잘하시드라구여!??- 헤어는 제가 원하는 스타일이있어서 미리 말씀드렸어요! 양옆머리를 땋아서 내림 똥머리ㅋㅋ똥머리에 웨딩머리핀을 하고싶다고 몇주전부터 미리 말씀드렸구용?한복은 고르는 Tip. - 행사 한달전??평일에가야지 한복종류도 많답니다^^ 그래야 예쁜걸 고를수 있어용! 주말에는 행사하시는 분들이 계셔서!??---이벤트 선물 10개1.맥주 2Box2.프로미스텀블러 4개 혹시 이거 사고싶으신분 연락주세용 제가 저렴한곳 알아요^^ 이거완전 신세계!?자동 쉐이크 텀블러랍니당!( 단백질 / 소맥/ 커피타먹을때 짱!)?3. 미용티슈 2box( 한박스당 3개씩 들었음ㅋㅋ)4. 리큐 세제 2ea?선물 드릴때 엠씨분께 알아서 선물 드리라고 아차상이런거 스티커안붙혔어요 ㅋㅋ 귀찮아서?( 아! 사전에 상의해서 행운자리상 두곳했어요 ㅋㅋㅋ 의자밑에 스티커붙혀서 이거 참여율 100% 손님들이 넘나 좋아하심 )????-----답례품! 수민맘스토리! -제일두툼한 수건 170g 2900원 (무료 비닐 완포장해주심 ) ?왜수건했냐면.. 컵이나 이런거 배송잘못되면 깨질 수도 있고 남으면 집에서 제가 쓸 수 있잖아요^^ 손님들도 가져가실때 가볍고!주문수량은?전 80명 예상하고 가족분들이랑 나눠쓰려구 140개 주문했는데 40만원 들었답니다! ?그리고 행사 후 시간남길래 수건앞에서서 한분한분 다 챙겨드렸어요!??한달전에 구매해서 행사일주일전에 돌잔치장소에 배송시킴.?공구사실귀찮잖아요! 다른데 카페 공구보다 싸요!강추! 레알임 다른데 많이 알아봣는데요 질좋구 쌈!???@@@-- 아기성장동영상은 네가좋아https://www.youtube.com/watch?v=QyUaatTdEfM&feature=share??따로 제가 부모님 감사동영상도 만들었답니다^^막 우심...저도 울었어용 ㅜㅜ 너무 좋아하시드라구용https://youtu.be/kZRJvwS4WNQ?완전 중요한 Tip남편이랑 아내분께서 할일???행사전?가족분들 오시면 한분한분 다 인사하기!?(부부가 같이)?행사후!?행사후란? 엠씨분의 할일이 다 끝났을때 부부는 멍하게 서있지말고,?일단! 처음 오신 친척분계시면 남편이나 아내에게 먼저 누구다라고 소개인사시키고! 양가 친척분들에게 소개시키기! 하 .. ( 저 행사 후 한 분안 해서 혼났어요)??양가친척분들께 인사 다 드렸으면?테이블마다 부부랑 주인공인 아기를 안고?인사드리기( 와주셔서 감사하다 식사는어떠신가요 등등 짧게)?작게나마 도움이되고자 몇자 적어보았습다.??- 아! 그리고 남편옷이랑 제 원피스는 개인옷이랍니다^^?끝나구 메이크업도 잘됐겠다?기분좋아서 찰칵했답니당!??????아 혹시 올해 의정부 플로렌스?돌잔치 계약하실분 중 선착순 1명! 제가 5만원 할인쿠폰드릴게용! 문자주셔용 01030402087한분만 모실게요^^ 쿠폰이 한장밖에없네용???

?
?
?
?
?
?
?
?
?
?
?
?
?
?
?
?
?

?
?

?
?
","'돌잔치', '자료', '실', '및', '궁금증', '방', '후기', '및', '답사', '글', '금지', '돌잔치', '후기', '후기', '방', '게시', '가능', '그', '외', '카페', '내', '게시판', '게시', '불가', '돌잔치', '관련', '모집', '중단', '상태', '해당', '내용', '작성', '불가', '순수', '후기', '답사', '이용', '계약', '후기', '특정', '업체', '홍보', '활동', '판단', '경우', '게시', '물', '삭제', '카페', '이용', '또한', '제한', '주의', '의정부', '점', '플로렌스', '후기', '퀼리티', '건물', '고급', '대위', '기분', '랄', '돌잔치', '또', '플로렌스', '일부러', '홍보', '잔치', '난', '후의', '저', '의견', '랍', '앗', '홀안', '뷔페', '손님', '잔칫날', '플로렌스', '도착', '시간', '메이크업', '위', '일찍', '도착', '주차장', '층', '차', '주차', '도우미', '짐', '주심', '메이크업', '사진', '돌잔치', '후', '소감', '성공', '만족', '음식', '역시', '스테이크', '인기', '최고', '식사', '가까이', '한인', '원수', '프로', '충당', '음식', '돌잔치', '엠씨', '홀', '매니저', '돌잔치', '행사', '돌상', '떡', '과일', '가족', '드릴', '수', '포장', '치즈케이크', '포장', '조각', '냉장고', '중', '메이크업', '세', '한복', '메이크업', '강승희', '메이크업', '만족', '엄마', '아빠', '아기', '한복', '메이크업', '금액', '차이', '날수', '훨훨', '저렴', '메이크업', '소감', '지극', '제', '의견', '뿐', '사람', '스타일', '달라', '잔칫날', '플로렌스', '아기', '옷', '대여', '전', '드레스', '한복', '입혓', '욕심', '자마자', '먼저', '아기', '옷', '메이크업', '전', '내추럴', '느낌', '미리', '황제', '뷰티', '관심', '화장', '시드라', '구', '덕지덕지', '느낌', '도안', '업', '스타일', '시드라', '구', '헤어', '제', '스타일', '미리', '양옆', '머리', '땋아', '똥', '머리', '똥', '머리', '웨딩', '머리핀', '주전', '미리', '용', '한복', '행사', '달전', '평일', '가야', '한복', '종류', '래야', '걸', '주말', '행사', '분', '이벤트', '선물', '개', '맥주', '프로', '미스', '텀블러', '개', '혹시', '거', '신분', '연락', '세용', '제', '곳', '거', '완전', '신세계', '자동', '쉐이크', '텀블러', '랍', '단백질', '소맥', '커피', '타', '때', '짱', '미용', '티슈', '박스', '개', '리큐', '세제', '선물', '드릴', '때', '엠씨', '선물', '아차', '스티커', '혔', '사전', '상의', '행운', '자리', '곳', '의자', '밑', '스티커', '거', '참여', '율', '손님', '심', '답례', '품', '수민', '맘', '스토리', '제일', '툼', '수건', '무료', '비닐', '완', '포장', '해', '주심', '컵', '배송', '수도', '집', '제', '수', '손님', '때', '수량', '전', '명', '예상', '가족', '개', '주문', '행사', '후', '시간', '수건', '앞', '서서', '분한', '달전', '구매', '행사', '일전', '돌잔치', '장소', '배송', '시킴', '사실', '카페', '공구', '강추', '레알', '임', '알', '봣', '질', '쌈', '아기', '성장', '동영상', '제', '부모님', '감사', '동영상', '막', '심', '저', '완전', '남편', '아내', '일', '행사', '전', '가족', '오시', '분한', '인사', '부부', '행사', '후', '행사', '후란', '엠씨', '일이', '때', '부부', '일단', '처음', '오신', '친척', '계시', '남편', '아내', '먼저', '누구', '다라', '소개', '인사', '양가', '친척', '소개', '저', '행사', '후', '분안', '양가', '친척', '인사', '테이블', '부부', '주인공', '아기', '안고', '인사', '식사', '가요', '등등', '도움', '자', '습', '남편', '옷', '제', '원피스', '개인', '옷', '랍니', '메이크업', '기분', '혹시', '올해', '의정부', '플로렌스', '돌잔치', '계약', '분', '중', '선착순', '명', '제', '할인', '쿠폰', '드릴', '용', '문자', '분만', '쿠폰', '한장'","'수건어디서 하셨나요?', '수민맘스토리요^^ 170그람 다들 두툼하다거 좋아하셔용', '전 네가지컬로로했어용^^', '안그래도 수민맘 보고 있었는데 ㅎㅎ170g두툼한가봐요? 너무 얇은건 받아도 안좋터라구요~정보감사드려요^^', '수건 색상중에 분홍이랑 하늘색 직접 받아보시니까 괜찮은가요?혹시 댓글 보시면 답변 부탁드려요^^', '사진그대로예요 ㅋㅋ좀 어두운  색깔이랄까요?', '네^^ 사진에 나온 그대로이니까 다른건 없겠네요네!감사합니다', '쿠폰남아있나용??', '네네! 남았어용혹시 계약하셨나용? 언제계약하셨죵? 아직 계약안하셨다몀 계약하러가실때 보여줘도 가능해용', '한복도 플로렌스에서 하셨나봐요 ? 은은하니 이쁘네요 ^^ 부모 한복도 아가옷들도 다양하니 이쁜 게 많은 가봐요 ^^ 얼른 돌잔치에 입혀보고 싶네요 ㅋㅋ', '저희도 플로렌스에서 할껀데 다른곳에비해 아주 맘에들어요~', '포토죤이 많아서 좋은거 같아요!!예쁘네용 ㅎㅎ'",네이버 카페
43,리큐,2017.04.18. 22:30,빨래할때 세탁기에 빨래 양을 어느정도 넣으세요?빨래 제대로 하고있는건가요?ㅜ,"
					
					
					
					
					

					
					
					
					
					
					
					
					
					
					
					
						
						세탁기가 21kg 이구요 세탁기통에 빨래를 3분의2는 채우는거같아요저희가 많이 넣는거같은데ㅠ다 널면 빨래걸이 대형 두개에 거의 꽉차요빨래걸이는 마트에서파는 대형 사이즈구요 양쪽이 날개처럼 달린거랑아래 중간에 6줄인가 되어있는거요옷을 세보니 21개정도 빨아서 널었어요 (옷은 두꺼운건 청바지부터 겨울원피스 레깅스2 등등)빨래세제는 리큐쓰고 리큐뚜껑으로 한컵반 넣고 세탁후 헹굼은 5회해요빨래가 냄새날때도 있는데 너무 많이씩 돌리는건가요? 세제양은 제대로 잘 하고 있는지ㅜ보통은 한번빨때 옷걸이 한개에 널 ?양만 세탁하나요?
","'세탁기', '이구', '세탁기', '통', '빨래', '저희', '빨래', '걸이', '대형', '개', '거의', '빨래', '걸이', '마트', '대형', '구', '양쪽', '날개', '아래', '중간', '줄', '옷', '보', '개정', '옷', '청바지', '겨울', '원피스', '레깅스', '등등', '빨래', '세제', '리큐', '리큐', '뚜껑', '컵반', '세탁', '후', '헹굼', '냄새', '날때', '가요', '세제', '양은', '제대로', '보통', '한번', '빨때', '옷', '걸이', '개', '널', '세탁', '하나요'","'앗! 세탁기도 크고 빨래양도 많은 것 같아요.여름되면 냄새 더 날텐데한번에 몰아서 하시는 양을 나눠서 해보세요', '식구가 많으셔요?일주일 한번돌리는 양인가요?만약 일주일한번돌리는거라면 일주일두번 이런식으로 나눠서 해보세요 ㅎㅎ 식구가 많아서 그렇다면 어쩔수없지만 그게아니라면 나눠서하시는것도 좋아요. 전 10kg 통돌이인데 3분의2정도 넣어서하거든요. 그렇게치면 맘님은 제 두배를 한꺼번에하신다는 얘긴데 그러면 빨래가 넘 많아서 제대로 안빨릴거 같아용 ㅠㅠ', '건조대 하나에 꽉 차요..', '가정.비가정 에너지절감 캠페인 하느라 교육들었는데 세탁기의80프로 넣어도 괜찮다고 합니당.', '냄새가 난다면 잘 안빨리고 잇다는 거에요. 양을 줄여서 빨아보세요. 그리고 냉수로 돌리시면 더 안빨리고 냄새 나도라고요 물온도도 체크해보세요'",네이버 카페
44,리큐,2017.04.10. 13:16,니트 일반세제로 세탁해보신분?ㅜ,"
지금 니트모아서 빨래중인데요ㅜ울샴푸를 넣는다는게 일반세제를 넣어버렸어요ㅜ넣구 10분뒤에 알아버려서.. 이걸 어째죠ㅎ세제는 리큐를 써서 세탁했어요ㅜ일반세제로 니트세탁하신분계신가요?니트 ?괜찮았나요?
","'지금', '니트', '빨래', '요', '샴푸', '세제', '알', '걸', '어째', '세제', '리큐', '세탁', '일반세', '제로', '니트', '세탁', '신분', '니트'","'집에서 입는 니트는 그냥 빠는데 별 문제 없던데요^^;;', '저도 그냥 일반 세제로 빨아요', '울코스로하셨으면 큰문제 없어요.'",네이버 카페
45,리큐,2017.04.09. 23:04,한입액체세제 세탁 괜찮나요?,"
리큐도 쓰고 세탁혁명도 써봤는데 ㅜㅜ 혹시 한입 세제는 어떤가요? 세탁 잘 되나용?
","'리큐', '세탁', '혁명', '혹시', '입', '세제', '가요', '세탁'",'그냥저냥그래요 퍼실이좋더라구요저는!',네이버 카페
46,리큐,2017.02.23. 13:48,[세제 교환완료] 좌식 화장대,"
뚜껑 열어서 화장품 넣을수 있는화장대예요~서랍 손잡이는 아이 때문에따로 보관중예요~ 리큐나 퍼실 일반용 액체세제 한통과교환 원합니당 ^-^도봉구 방학동입니다~
","'뚜껑', '화장품', '화장', '서랍', '손잡이', '아이', '때문', '보관', '리큐', '퍼실', '일반', '용', '액체', '세제', '통과', '교환', '도봉구', '방학동'","'혹시 사이즈가 어떻게되나요~~저받고픈데 사이즈가 맞을런지~', '저녁에 집에가서 사이즈 재보고쳇드릴께요~', '네 감사해요~~', '가로 60세로 43높이 40  이요~', '불발시 줄서봅니다.. 내일 가지러갈수 있어요~', '쳇드려요~'",네이버 카페
47,리큐,,네이버 카페,,,,
48,리큐,2017.02.07. 14:52,리큐세제 쓰시는분 문의드려요ㅜ,"
제가 전용 용기도없는데리필용만 사서요;;/제가산게 사진에표시된 제품인데 그냥 세탁기에 부어두되나요?아님 전용용기에붙어있는 볼이 꼭있어야하나요?ㅠㅠ
","'제', '전용', '용기', '필용', '사서', '가산', '사진', '표시', '제품', '그냥', '세탁기', '부어', '전용', '용기', '볼', '꼭'","'볼없어도 되요~ 전 그냥 넣어요~', '휴ㅠ감사합니다^^', '볼 없어도 되요..ㅎㅎ 저는 볼이 있긴 한데... 볼 없어도 일반 세제보다 조금 덜 넣는다 생각하고 부을 떄도 있어요..^^;;', '세제가 진해서 착색된다는 글을봐서요ㅠ감사합니다^^', '전 볼있었는데도 어떻게 사용하지는 모르고 세제투입구에 넣고 한통 잘 썼어요~ 이상 없어요 ㅋㅋ', '전 볼 있어도 안써영;;ㅎ'",네이버 카페
49,리큐,2017.02.03. 16:06,아기 세제 말고 집에서 일반세탁세제 어떤걸로 쓰세요??,"
▶ 카페이용 전 반드시 카페규정?http://cafe.naver.com/imsanbu/28123090 을 미리 숙지하시어???? 규정위반으로 인한 카페활동제약 등 불편함이 없으시길 바랍니다.?▶ 각 질문방의 주제에 맞지 않는 글들은 적정한 게시판으로?각 무통보 이동됩니다.?▶?타인에게 불쾌감을 줄 수도 있는 사진들은?자제해주시고,?부득이한 경우에는 매너사진으로 올려주세요.????? (공지 http://cafe.naver.com/imsanbu/18729542?2번항 참고)? ???지금 리큐로 쓰고 있는데 다른걸로 바꿔볼까해서요~퍼실도 많이 쓰는것같은데 향이 강하다고해서;;다들 어른 세제는 어떤걸로 쓰시나요??????????? ?? ??▶게시판 이용전?반드시 카페규정? ??? http://cafe.naver.com/imsanbu/28123090 을 미리 숙지 당부드립니다.?▶수다방 성격에 맞지않는 이탈글은 적합한 게시판으로 이동 또는 삭제예정게시판으로 이동됩니다. ??
","'카페', '이용', '전', '반드시', '카페', '규정', '미리', '숙지', '규정', '위반', '카페', '활동', '제약', '등', '각', '질문방', '주제', '글', '게시판', '각', '무', '통보', '이동', '타인', '불쾌감', '줄', '수도', '사진', '자제', '부득이', '경우', '사진', '공지', '번항', '참고', '리큐', '걸', '퍼실', '향', '고해', '어른', '세제', '걸', '이용', '전', '반드시', '카페', '규정', '미리', '숙지', '당부', '다방', '성격', '이탈', '글', '게시판', '이동', '삭제', '예정', '게시판', '이동'","'넹 전 그냥퍼실^^ 유연제는 다우니. 걍 생각없이 계속 쓰고있어영', '저두 다우니 써요 ㅎㅎ퍼실 종류가 많던데 어떤걸로 쓰시나요?', '컬러젤? 드럼용? 요렇게써있어용 ^^ 홈쇼핑서 산거라. 하하하하', '저두  퍼실이요', '퍼실 어떤거 쓰세요?^^', '저는 퍼실 쓰다가  넬리세제로 바꿔줬어요아기들옷도 세탁할수있고 찬물에도 잘녹고 친환경이라서요^^', '퍼실 화이트색상애기빨래로해도된다던데요~~'",네이버 카페
50,리큐,2017.02.03. 11:45,"아가 빨래 말고, 성인 빨래시에 세탁세제 뭐 쓰세요~~??","
▶게시판 이용전?반드시 카페규정? ??? http://cafe.naver.com/imsanbu/28123090 을 미리 숙지 당부드립니다.?▶수다방 성격에 맞지않는 이탈글은 적합한 게시판으로 이동 또는 삭제예정게시판으로 이동됩니다. 결혼하고 2년간 천~~~천히 집들이를 하다보니 세제를 많이 받아봤는데이제야 처음으로 세제를 사보려고해요~써본것은 리큐, 퍼실 (초록, 파랑, 보라), 피존액츠......그런데 뭐가 좋고 나쁘고 사실 잘 모르겠어요~세정력은... 발바닥 씨꺼매지도록 뛰다니는 애기들이 없어서 그런지그다지 모르겠고용;;;; 그래도 제 돈 주고 사려니 ㅋㅋ 잘 선택하고 싶은데천연세제들도 많고~ 세정력의 차이, 환경오염.. 등등 생각할 게 많네요 ㅋㅋㅋㅋ퍼실이나 리큐 많이 쓰시는것 같긴한데..가격대비 퍼실은 장점이 없다고도 하고...무엇이 좋을까~그냥 뭐 쓰시는지 한마디씩 남겨주시면 오늘 하루 행복하실꺼예요!!!!찾아보다가 좋아뵈는 정보가 있어 첨부합니당 세제 비교한 글이예요. 나름 공증?된 정보인듯 해요~~ (제가 쓴거 아님 ㅋㅋ)http://www.smartconsumer.go.kr/user/is/srvcinfo/ServiceDetailView.do?infoId=00830339??
","'게시판', '이용', '전', '반드시', '카페', '규정', '미리', '숙지', '당부', '다방', '성격', '이탈', '글', '게시판', '이동', '삭제', '예정', '게시판', '이동', '결혼', '천', '집들이', '세제', '이제야', '처음', '세제', '고해', '리큐', '퍼실', '초록', '파랑', '보라', '피존', '액츠', '뭐', '사실', '정력', '발바닥', '씨', '애기', '그다지', '제', '돈', '사려', '선택', '세제', '정력', '차이', '환경오염', '등등', '생각', '게', '퍼실', '리큐', '가격', '대비', '퍼실', '장점', '무엇', '그냥', '뭐', '한마디', '오늘', '하루', '정보', '첨부', '세제', '비교', '글', '나름', '공증', '정보', '듯', '해', '제'","'넬리 쓰는데 가루세제라서 가루가 잘 안씻겨요ㅜㅜ 이번에 퍼실로 바꿨는데 퍼실이 비눗물이 잘 안 헹궈진다고 해서 걱정이네요ㅎ', '그춍,,, 퍼실 보라색 썼을때는 특유의 라벤더향? 이 계속 남는데.. 석유향 같기도 하고 안좋았었던 기억이... 그래도 어찌저찌 쓰다보니 다썼더라구요~ 세뮤님도 얼른 써버리세용! ㅋㅋ', '저는 테크 실내건조용이랑 비트 진드기전용 이렇게 번갈아가며 써요ㅎㅎ', '오,, 그렇게 세분화된 것도 있군요! 진드기전용~ 침구빨래 할 때 좋을 거 같아요~~ 좋은정보 감사해요!', '저는 액체세제 비트써요~~그동안 아기세제 썼는데 물때냄새가 안빠져서 비트로 바꾸니 냄새도 안나고 가루세제처럼 뭉치는것도없고 유연제는 다우닝쓰니 향 나고 좋아요~', '다우니 좋지용~~~ 저두 그걸로 모든 향을 덮어버린다는 ^^', '전 리큐요', '리큐와 퍼실 양대산맥!!! 메이저의 느낌이 있지용~~', '퍼실쓰고있어요..근대 향이너무진한거같아요 ㅠㅠ', '저도리큐용ㅋㅋ액츠쓰다가 리큐로바꿨는데 훨씬좋아요~~'",네이버 카페
51,리큐,2017.01.23. 02:36,액체세제 어디꺼 쓰시나요?,"
?
▶게시판 이용전?반드시 카페규정? ??? http://cafe.naver.com/imsanbu/28123090 을 미리 숙지 당부드립니다.
?
▶수다방 성격에 맞지않는 이탈글은 적합한 게시판으로 이동 또는 삭제예정게시판으로 이동됩니다. 드럼세탁기이구요현재는 리큐액체세제 쓰고 있는데리큐 쓴지 몇년되어서 혹시 다른 제품 괜찮은게 있을까싶어서 여쭤봐요집에서 무슨 세제 쓰시나요?
?





?
?
?
??
?
?
?
?
?
?
?
?
?
?
?
?
?
?
?
?
?
?
?

?
?

?
?
?
?
?
","'이용', '전', '반드시', '카페', '규정', '미리', '숙지', '당부', '다방', '성격', '이탈', '글', '게시판', '이동', '삭제', '예정', '게시판', '이동', '드럼세탁기', '이구', '현재', '리큐', '액체', '세제', '큐', '년', '혹시', '다른', '제품', '은', '집', '무슨', '세제'","'저는 퍼실써요 ㅎㅎㅎ', '퍼실 너무 독하지 않던가요?옷을 좀 자주 빠는 편인데 예전에 퍼실 썼을 때옷감이 흐물흐물 했던 것 같기도 하고 해서요...', '글쎄요 독한건 잘모르겠어요 ㅠㅠ전 친정 시댁 모두 퍼실쓰실래따라샀거든요 ㅎㅎㅎ마침 코스트코에서 싸기도하고해서요', '아 답글 감사합니다^^저도 이김에 한번 써봐야겠어요~', '가격은 얼마정도 하나요?', '퍼실이요~', '퍼실 너무 독하지 않던가요?옷을 좀 자주 빠는 편인데 예전에 퍼실 썼을 때옷감이 흐물흐물 했던 것 같기도 하고 해서요...', '딱히 그런건 못느꼈었는데 제가 둔한걸지도요ㅋ 요즘은 퍼실 센서티브 쓰는데.. 아기 전용으로 좀 순하다고 하더라구요.', '저도 퍼실써요', '퍼실 너무 독하지 않던가요?옷을 좀 자주 빠는 편인데 예전에 퍼실 썼을 때옷감이 흐물흐물 했던 것 같기도 하고 해서요...', '삭제된 댓글입니다.', '오 라벤더도 있군요~향이 좋을 것 같아요^^', '퍼실 센서티브괜찮던데요 아이땜에그걸로 다통일했어욧ㅋ', '센서티브는 좀 더 부드러운 타입인가보네요?아기가 써도 괜찮은건가요?', '네아기옷빨아도돼요~^^', '액츠요~~', '액츠도 많이 쓰시더라구요~많은 분들이 퍼실 쓰신다니 저도 한번 써보려구요~ 추천 감사해요^^', '액츠요~~', '액츠써요~', '저도 액츠요 :)', '퍼실 녹색 쓰는데 향도 좋아서요. 이번에 저도 센서티브로 바꿨어요. 오늘내일 다 쓰면 그걸로 쓰려구요', '결혼전에친정에서브퍼실썼는데...먼지망에먼지나오는거에깜짝놀랬어요..흰옷도몇번빨다손빨래하려보면은근찌든때껴있구..결혼후세제바꾸고나니먼지가전보다덜생기더라구요..흰옷찌든때도좀덜하고...세제류는멜라루카제품쓰는데..약정채우기힘들어서지금넬리로세제갈아탈까고민중이예요~~', '예전에 세탁비교한거있었는데 리큐가 일등했어요 그뒤로 리큐만써요 ㅎ'",네이버 카페
52,리큐,2016.12.26. 17:13,세탁세제랑 유연제 순한거? 안전한거 추천해주세요~,"
★게시판 글작성 전에?꼭 확인해주세요^^★ ?1) [필독] 카페규정 ▶ http://cafe.naver.com/imsanbu/28123090?2) 맘스홀릭 100배 활용하기 ▶ http://cafe.naver.com/imsanbu/283079833) 임산부가 '꼭' 알아야 할 알짜 정보! ▶ http://cafe.naver.com/imsanbu/28308781 ?4)?괜찮을까??고민했던 궁금증을?전문가에게 물어보세요? ▶ http://cafe.naver.com/imsanbu/32199069오늘부터 15주 들어간 예비맘이자 살림무식자 입니다 ^^;;여태까지는 아무 생각없이 썼고, 임신하고도 남은거 있으니 그냥 저냥 막 썼는데요..오늘 보니 세제랑 유연제 둘 다 간당간당 하네요~~살림 무식자라 그냥 인터넷으로 적당히 찾아보고 썼었어요~지금은 리큐랑 다우니,꽃담초 돌아가며 쓰고 있구요~내년 6월 중순이 예정일이라 용량 큰거 사면 그 때까지도 쓸 것같기도 하고 해서기왕이면 순한거 찾아볼까 하고 선배맘들께 여쭙니다~보통 많이 쓰시는거나, 이거 괜찮더라 하시는거 있으심 추천해주세요~~ [핫클릭]?▶ 태아보험 전문가 스페셜비교 상담신청보험료비교 + 보장비교 +?상담혜택??
","'게시판', '글', '작성', '전', '꼭', '확인', '필독', '카페', '규정', '맘스홀릭', '배', '활용', '임산부', '꼭', '알짜', '정보', '궁금증', '전문가', '오늘', '주', '예비', '맘', '이자', '살림', '무식', '여태', '아무', '생각', '임신', '그냥', '저', '막', '오늘', '세제', '유연제', '둘', '살림', '무식', '자라', '그냥', '인터넷', '지금', '리큐', '다우니', '꽃담초', '내년', '중순', '예정일', '용량', '사면', '그', '때', '것', '기왕', '선배', '맘', '보통', '거', '심', '추천', '핫', '클릭', '태아', '보험', '전문가', '스페셜', '비교', '상담', '신청', '보험료', '비교', '보장', '비교', '상담', '혜택'","'아기꺼 네이처러브메레 쓰는데 같이써용ㅎㅎ', '감사합니다~~!!', '삭제된 댓글입니다.', '감사해요~~대충살다 엄마되려니알아야할게많네요~~'",네이버 카페
53,리큐,2016.12.05. 00:28,11번가 리큐 할인하네요~~,"
리큐 11번가에서 세일하네여~~저는 저번주에 세제 떨어져서 주문했었는데 ㅎㅎㅎ 그냥 쟁여두려고 또 샀네여 ㅠㅠ링크 걸어놓을게요~~ 필요하신분들 참고하세요~~http://m.11st.co.kr/MW/Product/productBasicInfo.tmall?prdNo=1486107076
","'리큐', '번가', '일', '저', '저번', '주', '세제', '주문', '그냥', '쟁', '려고', '또', '여', '링크', '신분', '참고'","'가끔 마트갈때 특가 할인 해서 통에 들어있는거 샀거든요 그 가격을 까먹어서 비교가 안되는데 싼건가요?', '저는 거의 인터넷으로만 주문하는데 보통 사는 가격에 두팩 더 주는 정도에요~~ 오프라인 할인은 어떻게 하는지 잘 몰라서 자세히 답변은 못드리겠네요 ㅠ 죄송해요ㅠ', '아~ 답변 감사합니다^^', '크 ㅠㅠ 몇일 전에 반만쓰는거 4개에 18500원에 샀는데 ㅠㅠ 것두 할인 받아서 조금 더 저렴해졌겠지만 아깝네요 ㅜㅜㅜ', '저도 딜 뜨기 전에 주문해 놓은게 있었는데 ㅠㅠ 너무 아깝져 괜히ㅠ ㅋㅋㅋㅋ', '퍼실 쓰다가 리큐로 바꿔보려고하는데 괜찮은가요?향기랑 세척력이 궁금하네요', '퍼실이 세척력 좋다구해서 저도 퍼실 쓰다가 그 퍼실 특유의 냄새가 싫어서 ㅠ 리큐로 바꿨는데 싫은 냄새도 안나구 세척력도 크게 차이 안나는거 같아서 계속 쓰고있어요~~'",네이버 카페
54,리큐,2016.11.27. 12:50,"리큐 쓰시는분, 괜찮은가요?","
내내 가루세제썼는데리큐가 좀더 간편해보여서 갈아타볼까 싶거든요.쓰시는분들, 어떠신가요?아무래도 가루보다는 비싸게 먹히려나요?
","'내내', '가루', '세제', '큐', '좀더', '간편', '쓰시', '분', '가요', '가루', '요'","'소셜서 사면 한통에 오천원 정도했던거 같구요   향이 좋아요 ㅋㅋㅋ 주입하기에도 간편하구요', '리큐 쓸만했어요'",네이버 카페
55,리큐,2016.11.09. 01:37,일일번가 리큐 세제,"
용량 1.8 L3개6.950원 (카드할인시200원 정도 더 할인)
","'용량', '개', '카드', '할인', '시', '정도', '더', '할인'","'ㅎㅎ저도 이거올리려고들왓다가벌써올리셨네요...싸서 몇개쟁여뒀네용ㅎㅎ좋아용~~', '맨날 이렇게 싼거 지르다가 파산하겠어요 ㅋㅋㅋ', '  ', '그러니깐여ㅜㅜㅋㅋ이번달은 카드좀 덜써야지햇는데;;ㅋㅋㅋ11거리가 가만놔두질않네요;;ㅋ', '왜저는이가격으로안뜰까용ㅜ', '쿠폰 받으셨나염', 'ㅎㅎ방금받으니적용되네요ㅋㅋ감사합니다', '', '  ', '덕분에 2개 쟁였어요~~ㅎㅎ  전에 쟁인것도 많은데 싸니까 자꾸 사게되네요', '왜저가격이안나올까요 매진인건지ㅜㅜ', '노매진쿠폰 다운 받으셨나욤~~', '감사해요 홈화면에있네용ㅋㅋ좋은하루되세용^^♡', '첫구매 50프로 쿠폰받아야하는거에요?', '첫구매 아니셔도~~해당 딜 들가면 쿠폰 받기 있을거예요~', '드럼용도있는건가요??  화면엔 일반용이라서 ㅠㅠ', '있었어요~~', '리큐 좋나요???', '그냥저냥  가격대비 ㅋㅋ어른 외출복만 이걸로 빨아요 ㅋㅋ', '삭제된 댓글입니다.', '그런가봐요 ㅠ 현재 판매중인 상품 아니라고 나오네요 ㅠ'",네이버 카페
56,리큐,2016.11.07. 18:16,리큐 세재 쓰시는분,"
종류가 많던데 어떤걸 쓰시나요?
","'종류', '걸'",,네이버 카페
57,리큐,2016.11.04. 09:45,"리뷰 진한겔 리필 2.1리터, 6개에 16,030원","
전에는 섬유유연제 공유했었는데, 오늘은 세제 공유ㅎㅎ아직 세제는 남아있지만 저렴한편이길래 공유합니다~정상가는 22,900원이지만쿠폰 할인만 받으면 16,030원이고, 카드할인도 받으면 15,550원이예요!겨울에 액체 세제 쓰는게 저는 더 편해서 요즘 리큐 쓰고 있는데 괜찮더라구요~아래 링크에서 일반/ 드럼 맞춰서 A01, A02 구매하시면 돼요~http://www.11st.co.kr/product/SellerProductDetail.tmall?method=getSellerProductDetail&prdNo=1486107076생활탭 50% 쿠폰 : http://www.11st.co.kr/browsing/MallPlanDetail.tmall?method=getMallPlanDetail&planDisplayNumber=920494
","'전', '섬유', '유연제', '공유', '오늘', '세제', '공유', '세제', '저렴', '한편', '공유', '정상', '할인', '카드', '할인', '겨울', '액체', '세제', '저', '더', '요즘', '리큐', '아래', '링크', '일반', '드럼', '구매', '생활', '탭', '쿠폰'",'종료되었다네용ㅜㅜ',네이버 카페
58,리큐,2016.10.10. 20:47,통돌이 액체세제?!,"
통돌이 사용중인데요.액체세제 뭐쓰시나요???리큐를 한 2년 썻더니 지겨워서요..ㅎㅎ
","'통', '돌이', '사용', '요', '액체', '세제', '뭐', '리큐', '썻더'","'퍼실이용ㅎㅎ', '퍼실이 종류가 있던데. 향만다른건가요??ㅎ', '저도 파워젤만 써봐서 잘 모르겠네요ㅠㅠㅋㅋ', '비트도 쓰고 꽃담초도 쓰고 이거저거 쏘요'",네이버 카페
59,리큐,2016.10.10. 12:22,세탁세제용~!,"
▶게시판 이용전?반드시 카페규정?http://cafe.naver.com/imsanbu/28123090 을 미리 숙지 당부드립니다.?▶수다방 성격에 맞지않는 이탈글은 적합한 게시판으로 이동 또는 삭제예정게시판으로 이동됩니다. 세탁세제를 구입하려고 하는데요~~퍼실이랑 리큐 고민인데 써보신분들 뭐가 더 나아요~~?아님 다른거라도 추천 해 주세용어른 옷 빨꺼에요~~ 아가옷은 따로!!??
","'게시판', '이용', '전', '반드시', '카페', '규정', '미리', '숙지', '당부', '다방', '성격', '이탈', '글', '게시판', '이동', '삭제', '예정', '게시판', '이동', '세탁', '세제', '구입', '퍼실', '리큐', '고민', '보신', '뭐', '더', '거', '추천', '해', '세용', '어른', '옷', '아가', '옷'",,네이버 카페
60,리큐,2016.09.03. 19:58,드럼세탁기 세제 어떤거 쓰시나요~?,"
추천글 올렸었는데 댓글이 없어서요ㅠㅠ월욜 드럼이 배송되는데 세제 사야해서요어떤거 쓰시나요퍼실 리큐밖에 몰라서요퍼실은 향이 강하다 한거같구...어떤거 쓰시나요~?
","'추천', '글', '댓글', '월욜', '드럼', '배송', '세제', '서요', '퍼실', '리큐', '퍼실', '향', '거'","'저는 그냥 리큐쓰는데요', '아기꺼 ㅡ 퍼실센서티브/베이킹소다 어른꺼ㅡ리큐유연제 ㅡ 구연산/식초', '퍼실 쓰는데 향은 강하지만 꽃내가 아니라서 좋아요. 머리아픈 향 아니라서 퍼실만 써요ㅎㅎ 초록색이요. 향수도 못쓰는 사람인데 퍼실은 괜찮더라구요. 향 걱정되심 퍼실 센서티브 추천해요. 아기부터 함께 사용가능해요.', '저는 넬리소다세제써요. 가루라서 액체담는 통 빼내구요. 드럼이 통돌이보다 물을 적게 써서 세척을 해서 세재찌거기가 옷에 남는다는 이야기를 들어서요ㅡ 아기껀 애디튜드꺼 쓰구용..'",네이버 카페
61,리큐,2016.09.01. 15:11,드럼세제 추천이요~,"
드럼세제 제가아는건퍼실과 리큐에요대부분 퍼실 쓰시는거같은데향 너무 진하지않은것은 무슨색이에요?센서시브?빼구요..무향은 없나요?글구 퍼실아닌 괜찮은 세제좀 추천해주세요~
","'드럼', '세제', '제', '퍼', '실과', '리큐', '대부분', '퍼실', '향', '색', '센서', '시브', '무향', '글구', '퍼실아닌', '좀', '추천'",,네이버 카페
62,리큐,2016.08.23. 10:41,리큐 샘플3개 2500원 무배,"
250미리x3개 2500원 무배이마트몰에 있어요월-금 하루 선착순 700세트입니다
","'미리', '개', '무배', '이마트', '월', '금', '하루', '선착순', '세트'",'저 롯데 슈퍼에서 2리터 3500원에 샀네용',네이버 카페
63,리큐,2016.08.12. 21:54,드럼세탁기 산지 얼마안됐는데ㅠ,"
3월달에 LG꺼 드럼세탁기샀는데요 두달쯤되니깐 옷에 검은색얼룩같은게 조금씩 뭍어나오는거에요  서비스센테에 전화해보니 세제양을 조금쓰구 통세척을해보래요 그래서 세제 리큐쓰는데 저는 거기뚜껑에 담아서 한번쓰거든요? 적게쓰는거아닌가요?통세척도 자주하는데 여전히 검은색 얼룩같은게  옷에 뭍어나와요  그리고 지워지지도 않아요ㅠ이런경우 혹시 교환될까요?정말 너무 짜증나요ㅠ혹시 서비스센터서 사람오면 저거 다 분리해보나요?  에휴 분리하는것도 큰 일이라던데 여러모로 정말 짜증나네요ㅠ저 처럼  드럼세탁기 산지 얼마안됐는데 이런경험있으신분들 있나요? 아 그리구 드럼도 섬유유연제 드럼용으로 써야되나요?  저는 그냥 피죤거쓰는데 이것땜시 이러는건지 모르겠네요ㅠ
","'드럼세탁기', '달', '옷', '검은색', '얼룩', '뭍', '거', '서비스', '전화', '세제', '조금', '통', '세척', '세제', '리큐', '저', '거기', '뚜껑', '한번', '통', '척도', '자주', '검은색', '얼룩', '옷', '뭍', '경우', '혹시', '교환', '요', '정말', '혹시', '서비스', '센터', '사람', '거', '분리', '분리', '일이', '던데', '모로', '정말', '저', '처럼', '드럼세탁기', '산지', '얼', '마안', '경험', '신분', '드럼', '섬유', '유연제', '드럼', '용', '저', '그냥', '피죤', '거', '것땜시'","'세탁기자체가 불량인듯!!!세게 따지세요!!', '음 저도 엘지 트롬산지 한 3개월 됐는데 모델명이 뭐예요? 같은 모델인가...저희집꺼도 검은 옷 빨고 흰옷 돌리면 검은 먼지 좀 묻어나더라구요~통세척하면 괜찮던데...기계 내부 결함이면 새제품 교환가능할거예요절대 수리받지말고 무조건 교환해달라고 하세요', '저는 검은색먼지가아니구 검은색얼룩이 뭍더라구요 모델명은 F19WF요ㅠ', '엘지는 서비스좋나요?  아휴 짜증나요', '저희 집꺼랑 다르긴 한데 먼지가 아니라면 세탁기 문제같네요~ 저희 친척언니가 엘지다니는데 혹시라도 기계내부결함이면 절대 수리 받지마시고 교환해달라고 하세요 수리부품은 B급제품이라고 들었어요. 반품 들어온 제품에서 부품빼서 해준다고...기간 얼마 안됐으면 무조건 새제품 교환받으세요', '3월초에 산건데 교환해줄지 모르겠네요ㅠ 댓글감사해요', '저두 엘지드럼 산지 한달됐는데 검은 먼지 껴서 나와서 지금 죽겠네요 ㅠㅠ새로산 흰티도 까매져서 나오고 이거 불량인거죠?이전꺼도 엘지 드럼15년 된것은 안그랬는데 새로산게 왜 이모양인지 ㅜㅜ전화해야겠어요검색하니 이런분들 많으네요교환해줄까요?ㅠ', '2년전글이네요ㅜㅜ지금도 이런현상 있다니 짜증나네요'",네이버 카페
64,리큐,2016.07.30. 06:42,삼성워블세탁기 쓰시는분 세제 뭐쓰시나요?,"
헹굼은 좋은데 세척력 안습이네요 ㅠㅠ찌든때 코스로 리큐랑 과탄산 플러스 락스 까지 써봤는데 세척력 진짜안습이에요특히 땀! 남편 나시 땀내 ㅠㅠ세제 뭐쓰시나요 뭘써야 잘빨리나요?
","'헹굼', '세척', '안습', '요', '때', '코스', '리큐', '과', '탄산', '플러스', '락스', '세척', '진짜', '안습', '땀', '남편', '나시', '땀내', '세제', '뭐', '뭘', '리나'","'가끔 삶아요  애기가있어 강한세제못쓰겟더라구요  전에 LG 피지 썼는데 와이셔츠목때도 잘지더라구요', '삶아야 되나요? ㅠㅠ', '수건이나  면 내의 삶으니 냄새안나더라구요....   귀찮지만 한달어 한번  두시간 잡고 삶고 또 삶아요....', '냄새나는건 삶아야 없어져요 특히 땀냄새요', '세제 여쭤봤는데요 ㅡㅡㅋ', '전 리큐쓰고 다우니퍼퓸 쓰는데 냄새 하나도 안나더라구요', '아가껀 헹굼4회 아기세제로, 어른건 3회 리큐액상만 쓰는데 햇빛에 2일정도 말리니까 냄새안나던데요..', '저는 걍 일반세제..비트같은?  그거쓰고 다돌아가면  탈수1헹굼1해서  다우니쓰는데 냄새안나용~', '리큐 쓰고요  수건등은  가끔 온수로 빨고 식초나 천연세제 넣어요 친정은 퍼실쓰는데 확실히 향이 강하긴해요'",네이버 카페
65,리큐,,네이버 카페,,,,
66,리큐,2016.07.05. 23:02,맘들 세제 어떤거쓰세요~?,"
원래는 어른빨래는 리큐,샤프란?애기빨래는 더블하트썼었어요~??이번에 그냥 애기껄로 통일해서 쓸까해서용^^?맘들 어떤거 쓰시는지 추천좀해주세요^^??▶게시판 이용전?반드시 카페규정?http://cafe.naver.com/imsanbu/28123090 을 미리 숙지 당부드립니다.▶수다방 성격에 맞지않는 이탈글은 적합한 게시판으로 이동 또는 삭제예정게시판으로 이동됩니다. ????
??
?
?
?
?
?
?
?
?
?
?
?
?
?
?
?
?
?
?
?
??
?
?
???
","'원래', '어른', '빨래', '리큐', '샤프란', '애기', '빨래', '더블', '하트', '이번', '그냥', '애기껄', '통일', '맘', '추천', '좀', '게시판', '이용', '전', '반드시', '카페', '규정', '미리', '숙지', '당부', '다방', '성격', '이탈', '글', '게시판', '이동', '삭제', '예정', '게시판', '이동'","'넬리요', 'ㅎㅎ찾아봐야겠어요~~^^', '전 퍼실센서티브요~지금쓰고있는거 다쓰면 어른까도 퍼실센서티브로 쓸려구요 ㅋㅋ', '애기빨래해도 순한건가봐용~^^', '아터피억제도 되고 좋더라구요 ㅋㅋ', '저도 돌전부터 퍼실센서티브썼고 어른빨래도 다같이 통일했어요 순하면서 세척력 좋아서 문제없네요 향도 좋구용', '퍼실이요 ㅎㅎ'",네이버 카페
67,리큐,2016.06.20. 13:57,세제 어떤거  쓰세요,"
리큐썼는데애경 꺼라서리ㅡ바꿔야할지 고민요어떤거  쓰시나요빨래세제요
","'리큐', '애경', '서리', '고민', '빨래', '세제'","'저는 이번에 리큐 다쓰고 퍼실 쓰고있어요ㅎㅎ', '퍼실은어디서사세요', '이번엔 급해서 걍마트에서 샀어요ㅠ보니깐 홈쇼핑에도 팔더라구요ㅎㅎ', '네퍼실이 싸진아나서리큐싼거썼는데ㅡㅡ마트선 얼마에욤', '리필형 두개들은거 19500원정도 주고산듯해요ㅎㅎ세제도 느므 비싸네요ㅠㅠ', '저눈 한입세제 리큐 쓰다 이번에 넬리세제로 바꿨어요', '그건 어디파나요?', '빅마켓에서도 팔구  인터넷에도 다 팔아요 쿠팡요런데도 있구요~~  빅마켓이 인터넷보다 싼거같아요', '퍼실사려구 홈쇼핑 방송기다리다 엘지꺼 종이처럼 한장씩 넣고 쓰는게 있길래 주문해봤는데, 잘빨리네요.', '퍼실 듀오캪스요..예전엔 세제랑 옥시크린 넣는데 이건 하나로 다되네요..'",네이버 카페
68,리큐,2016.06.01. 22:05,세제 다들 뭐 쓰시나요? (당연 옥시 제외),"
이제까지 옥시나 피죤 써왔는데...앞으론 절대 구매하지 않으려고 하는데요어디서 보니 애경도 옥시랑 다를게 없다고 하더라구요리큐가 애경에서 나온다던데....정말 그런가요?짐 비트 아니면 리큐로 할까 했는데.....대체 어떤걸 써야할지 이런걸로 고민을 다해보네요...;;
","'이제', '옥', '시나', '피죤', '앞', '절대', '구매', '애경', '옥시', '리큐', '애경', '정말', '가요', '짐', '비트', '리큐', '대체', '걸', '걸', '고민', '다해'","'퍼실 , 다우니쓰고있어요!!', '퍼실센서티브요^^', '퍼실쓰고 있어요', '퍼실 많이 쓰시는듯', '퍼실이랑버넬이요', '퍼실이요.', '저도 보러 왔는데 퍼실 많이 쓰는군요', '저도 퍼실로 갈아타야겟어요 ㅋㅋㅋ', '퍼실센서티브요', '퍼실이요', '퍼실요~', '전 테크 간편시트요', '퍼실요', '워 퍼실 많이들 쓰네요.전 엘지요.ㅎ', '한살림이나 올가에서 파는 친환경세제요', '퍼실센서티브요 아이들것도이거로쓰구요', '저는 오클린요~~엘지생활건강에서 나온거~', '삭제된 댓글입니다.', '아 그런 점도 있나요? ㅜ 그럼 돌돌구리님은 뭐 쓰세요??', '생협세제요~', '전 넬리써요'",네이버 카페
69,리큐,2016.05.20. 21:39,리큐진한겔베이킹소다 이거 써보신분??,"
이거사용해보신분계신가요?네이버에도 후기가 없어서요ㅠ이제품사용해보신분 이거세척력어떤가요?
","'거사', '용해', '보신', '네이버', '후기', '제품', '사용', '신분', '거세', '척력', '가요'","'이제품똑같은건아니지만 리큐쓰고있는데세척은 무리없는거같아요 저는어디서 세척력비교한거보고 그후로리큐제품 만쓰네요 결과가좋게나왔더라구요~젤좋은건써보시구 판단하심이 좋을거같아요사람마다,사는환경마다또 틀릴수있으니ㅋ', '전유재석때문에산건데 세척력좋은거같아요~~'",네이버 카페
70,리큐,2016.05.19. 21:05,신생아 어른세제쓰시는분계세요?,"
혹시 아기옷빨래할때그냥 어른들쓰는비트나 리큐 퍼실등등 어른들꺼로 빨래하시는분계신가요?
","'혹시', '아기', '옷', '빨래', '때', '그냥', '어른', '비트', '리큐', '퍼실', '등등', '어른', '빨래', '분계', '신가'","'나도 궁금해요~~ㅋㅋ', '저는 출산전엔 퍼실썼는데 아기낳고나서부터는 넬리 어른용으로 같이써요', '친정집에서 있을때는 그냥 퍼실로 썼어요~', '저도 첫애때는 신경쓰여 유아전용세제 썼는데 세척력이 오히려 떨어지더라고요.. 일반세제도 요즘은 잘나오기도 하고 헹굼횟수 늘리니까오히려 더 좋더라고요.', '애기용으로 어른것도 같이 세탁해요. 토루토루 가루비누요', '저도 그냥 좀애기 어릴때나 애기세제로했지 그냥 퍼실로 돌려버려요 ㅋㅋㅋㅋ 유연제도 걍어른꺼하고 그닥 상관없는듯해요 ㅋㅋㅋ 대신 헹굼추가로 세제물없이깨끗할때까지돌려요!!애기는 15개월이에요', '그래도 아이전용 사용하세요~~ 그냥 상관없겠지했다가 나중에 화를 부릅니다. 아이제품이 더 순할거에요~~ 옷X도 사람들 사용할때는 괜찮겠지, 이상없겠지 하다가 이렇게 된겁니다 ㅠㅠ'",네이버 카페
71,리큐,2016.05.04. 05:43,신생아 인데 어른용 세제 써두되나요?,"
급하게 세탁할일이 일어서?평소에 어른들이 사용하는 리큐를 넣구 손수건 속싸개등 신생아용품들을 넣구 돌렷는데 괜찮을까요??? 섬유유연제도 피죤 사용했구요..?
","'세탁', '일이', '평소', '어른', '사용', '리큐', '손수건', '싸개', '등', '신생아', '용품', '돌렷는데', '섬유', '유연제', '피죤', '사용'","'전혀문제없든데용....쭉 어른꺼로썼어요 13개월아기요', '저도 문제없다고 봐요~', '전혀문제없어요~ 첫애땐 조심한다고 따로썻었다가 둘째는낳고서부터 그냥같이빨았네요..'",네이버 카페
72,리큐,2016.03.23. 19:11,퍼실vs한입세제 어떤게 세척력은 조은가요,"
					
					
					
					
					

					
					
					
					
					
					
					
					
					
					
					
						
						홈쇼핑서 퍼실화이트센서티브방송하길래 우선질러봤는데요 세척력괜차는가요 찾아보니 라벤다일반세제도있고 종류도여러가지던데요 퍼실써보신분 ?괜차는편인가요 김희애가선전하는 한입세제도찾아봤는데요 가격은 저렴하던데 ?잘때가지는지 모르겠네요짐은리큐쓰는데 세척력은괘아는데 한입세제나 퍼실써보신분 조언부탁드려요
					
					
					
					
					
					
				","'홈쇼핑', '퍼실', '화이트', '센서티브', '방송', '우선', '세척', '괜', '벤다', '일반세', '제도', '종류', '여러가지', '던데', '퍼실', '보신', '김희애', '선전', '입', '제도', '가격', '짐', '리큐', '세척', '괘', '입', '세제', '퍼실', '보신', '조언'","'퍼실, 리큐는 비슷 한거 같아요저도 한입 세제가 저렴해서 한번 썼다가 안써요세척력이 좀 떨어지는거 같아서 양을 많이 넣다보니 헤프게 쓰게 되더라구요그래서 다시 리큐로 씁니다', '한입세제후기보니 묽다고하는거가떠라구요 그냥리큐가젤가격대비괘아는거가타요ㅎ'",네이버 카페
73,리큐,2016.03.17. 19:49,비싼돈 주고 통돌이로 바꿧는데,"
드럼보다 세탁력이 떨어지네요아이들 양말바닥때등 옷 얼룩이 그대로에요드럼은 저절로 물을 데워 온수로 세탁이되지만통돌이는 그런기능이 없어 냉수로 세탁해서 더 세탁력이 떨어지는걸까요?온수연결 호수도 있는데 저희집엔 수도꼭지가 냉수하나라서..온수 연결해서 쓰면 급탕비 많이 든다는 말이 많네요..세제를 바꾸면 나아질까요?리큐는 어때요?때 잘빠지면서 옷감손상 안되는 세제 추천해주세요
","'드럼', '세탁', '아이', '양말', '바닥', '때등', '옷', '얼룩', '그대로', '드럼', '저절로', '물', '온수', '세탁', '통', '돌이', '기능', '냉수', '세탁', '더', '세탁', '연결', '호수', '집', '수도꼭지', '냉수', '하나', '온수', '급탕비', '말', '세제', '요', '리큐', '때', '옷감', '손상', '세제', '추천'","'온수연결이 답인듯요...', '좀 불렸다가 빨아보면 어떨까요 통돌이는 가능하지 않나요??', '불림기능이 없는것같은데.. 불림은 세제넣고 그냥 오래 담궈놓는 건가요?', '고대로 세탁기 안돌리고 물넣어서 담아두면 안될까요 ㅠㅠ', '세제도 같이넣야하죠?', '예 같이 넣는게 좋죠 근데 제일좋은건 양말이나 수건은 삶통에 따로 팍팍 삶은게 제일좋아요 전 드럼쓰는데 수건 한번 그냥세탁해서 한번삶고 다시 헹굼탈수돌려요', '아 네~ 그렇게 해볼께요 감사합니다', '요즘 불림기능 있을거에요.. 세탁 몇번누르면 불림 몇분 세탁 뜨나 확인해보세요~~~', '네 해볼께요', '불림기능이란게 있군요', '통돌이는 거품이 많아야 잘 세탁돼요. 세탁물 안넣은 상태에서 세제넣고 헹굼누르시면 거품생성이 되거든요. 그런다음 세탁해보세요', '네 감사합니다 그렇게 해볼께요~', '삭제된 댓글입니다.', '아 그래요? 감사합니다~', '통돌이는세탁력이떨어지고트롬은세탁력이좋은대신옷이빨리해진대요~'",네이버 카페
74,리큐,2016.03.17. 15:05,16갤되는 여아인데요 갑가지 아토피가 생긴것 같아요 아기세제 포제ro& 퓨레스t 어떤게 좋아요? ,"
이제 곧 16갤되는 여아이구요 지금까지 피부완전 꿀피부였는데요 .... 2월 중순부터 막 긁기시작 하더니 몸은 완전 거칠고 닭살되어버렸구요 .... 그리고 얼굴을 막 긁어서 빨개지고 너무 많이 긁어서 소량의 피도나구요 ㅠㅠㅠ 소아과가서 물어봤는데 감기가 있어서 일시적으로 그럴수 있다고 하셔서 걍 로션발라주고 나뒀는데 ... 그게 아닌것같아 알르레기검사 해봤는데요 알레르기반응은 하나도 안나왔구요 .... 알르레기검사 한김에? b형간염 항체 검사도 같이 했는데 .... 항체안생겼다고 다시 접종해야 한데요 .... 이런경우도 있나요 ㅠㅠㅠ? (삼천포로 빠진것같네요) 죄송 ;;;; 궁금한건 *****1. b형간염 재접종 해보신분 조언좀 주시구요 ?2. 아토피세제 추천인요 인검해보니까 포제ro 하고 퓨레스t? 둘이 가장 많이 나오는데요 어떤게 더 좋아요 저는 지금 현재 리큐 하고 다우니 쓰고 있어서 더 심한건지도 모르겠어요 추천좀 해주시구요 아기아토피 유경혐자 어뭉님들도 조언부탁드려용????????? ?? ??
","'이제', '곧', '지금', '피부', '완전', '꿀', '피부', '중순', '막', '시작', '몸', '완전', '닭살', '얼굴', '막', '소량', '피', '소아과', '감기', '일시', '로션', '나', '그게', '알', '르레', '기', '검사', '알레르기', '반응', '하나', '알', '르레', '기', '검사', '김', '형', '간염', '항체', '검사', '항체', '다시', '접종', '경우', '삼천포', '죄송', '형', '간염', '재', '접종', '신분', '조언', '좀', '아토피', '세제', '추천', '인검', '포제', '퓨레스', '둘', '가장', '더', '저', '지금', '현재', '리큐', '다우니', '더', '지도', '추천', '좀', '아기', '아토피', '유경', '혐', '어뭉님들', '조언'","'저희 아이도 아토피가 있어서 이것저것 써보고 루안코리아회사 제품을 써보고 있는데 좋아요.. 다만 네트워크 마케팅 제품이라서 안좋게 보시는 분도 계시지만 제품은 좋아요!!', '오마나저희애도 비엔비 아기세제쓰다 좀컷다고 리큐랑 다우니쓰니 건조해서막긁더라구요 ..저는호호ㅇㅁ로바꿧는데'",네이버 카페
75,리큐,2016.02.11. 21:01,리큐 여는 방법 아시는 분 ㅠㅠ,"
안열려요 ㅠ 오늘 코스트코레서 산건데 ㅠㅠㅠㅠㅠㅠㅠ 
","'오늘', '코스트코', '레'","'우측으로 돌리면 그냥 열리는데요~~', '임신중이라 그런가요 ㅠㅠㅠ 아놔 안열려요 ㅠㅠ 아래 틀 같은건 열리는게 아니죠?같은 연두색이요', '글쎄요 기억이 안나요써봤는뎅...', '뚜껑쪽에 따뜻한물 흘려서 열면 열릴거에요', '네 감사해요 그 방법도 해 봐야겠어요', '삭제된 댓글입니다.', '으아 감사해요 지금 신랑이 오고있어요 ㅎㅎㅎㅎ신랑만 기다리는 중'",네이버 카페
76,리큐,2016.02.03. 20:12,삼성 액티브워시 쓰는데요ㅠㅠ,"
세제는 리큐 액체세제쓰구요ㅠ 얼마전부터 세탁기 돌리고나서 보면 옷에 군데군데 얼룩처럼 세제가 다 안헹궈지고 묻어있어요ㅠㅠ 그래서 헹굼을 최대로 설정해놓고 돌렸는데도 오늘 또 그러네요.. 제 세탁법에 뭔가 문제가 있는걸까요? 아님 세제문제인건지ㅠㅠ 세탁기 산지 7개월밖에 안됬는데 삼성 서비스센터에 전화해야할까요.. 이런적 있으신분 계신가요ㅠㅠ????
","'세제', '리큐', '액체', '세제', '얼마', '전', '세탁기', '옷', '군데군데', '얼룩', '세제', '안헹궈지', '헹굼', '최대로', '설정', '오늘', '또', '제', '세탁', '법', '뭔가', '문제', '문제', '세탁기', '산지', '개월', '삼성', '서비스', '센터', '요', '적', '신분'","'세제양이많았던건아닌가요? 저도액티브워시쓰는데 그런적없어용...ㅜㅡㅜ', '그런가요ㅠㅠ정량대로 넣었는데ㅠㅠ 더 적게 넣어봐야겠네요ㅠㅠ', '저도 액티브워시 산지 두달째이고 세제도 리큐액체 쓰고 있는데 세제찌꺼기는 얼룩지는거는 없네요.ㅠㅠ혹시 거름망은 비우셨나요?? 거름망과는 상관이 없을려나...도움되는 답변이 아니라서 죄송해요...ㅠ', '거름망도 비웠는데 이러네요ㅠㅠ 낼 고객센터에 한번 물어보려구요!', '저는퍼실쓰는데저희도그러네요ㅜㅜ특히검은옷에ㅜ찬물로돌려서그런건지 ㅜ', '그쵸ㅠㅠ 저도 방금 검은옷 빨래했는데ㅠㅠ 흰빨래할때도 파랗게 묻어나네요ㅠㅠ', '삭제된 댓글입니다.', '헉..네.. 다우니써요....이런 섬유유연제를 바꿔야겠네요ㅠㅠ 아 근데 안그러다가 갑자기 왜그러는걸까요...?'",네이버 카페
77,리큐,2016.01.29. 12:19,아기옷 ... 리큐 반만쓰는 진한겔로 하시는분계세요??,"
전 아직 출산은 멀엇는데 아기 용품같은것도 미리 세탁해두기위해서 아기세제 알아보다가요~ 앙쥬백과에서 리큐 반만쓰는 진한겔도 나와잇길래요~~어른꺼랑구분해서 하기 번거로웟는데...혹시나 이거 안된다하면 방금 홈쇼핑에서 6개 지른거 취소하려구용 ㅠ집에는 따로 쓰는 세제가잇어서요 ㅠㅠ 알려주세요~ 어떤분은 안된다 된다 책에서도 추천해주고잇긴한데 신생아기준은 아니려나요?ㅠㅠ 
","'전', '출산', '아기', '용품', '미리', '세탁', '위해', '아기', '세제', '쥬', '리큐', '반', '진한겔', '어른', '분해', '웟', '혹시', '거', '방금', '홈쇼핑', '개', '취소', '용', '집', '세제', '분', '책', '추천', '신생아', '기준', '요'","'저도 앙쥬백과 봤는데 퍼실이랑 리큐보고 좀 당황했어요 ㅎㅎ 전 예비맘이라 아가껀 그냥 베이킹과 과탄산소다 녹여서 빨았어요 집에 리큐쓰는데 그래도 쓰긴 꺼림칙해서요', '신생아라면 순한 아기전용세제 추천해드려요~저는 이제 애기들이 커서 걍 막 빨아써요 ㅎㅎ'",네이버 카페
78,리큐,2016.01.24. 10:45,다들 세탁세제 뭐쓰세요?,"
?▶게시판 이용전?반드시 카페규정?http://cafe.naver.com/imsanbu/28123090 을 미리 숙지 당부드립니다.▶수다방 성격에 맞지않는 이탈글은 적합한 게시판으로 이동 또는 삭제예정게시판으로 이동됩니다. 지금쓰고있는건 리큐인데 다른거 좋은게 쓰시늘거 함께 공유해요?
??
?
?
?
?
?
?
?
?
?
?
?
?
?
?
?
?
?
?
?
????
?
?
???
","'이용', '전', '반드시', '카페', '규정', '미리', '숙지', '당부', '다방', '성격', '이탈', '글', '게시판', '이동', '삭제', '예정', '게시판', '이동', '지금', '리큐', '은', '쓰시', '공유'","'리퀴ㆍ퍼실다써봤는데 전 드럼세탁기인데도 가루세제가 짱이드라구요빨래냄새가안나서 그냥저렴이쎄일하는가루세제 그때그때사요', '저는 리큐 반만쓰는 진한겔써요', '전 테크  진드기억제 쓰고있는데 만족해요ㅎ', '전 자연드림 아님 암웨이 아님 멜라루카써요', '퍼실이요', '전 퍼실 하나씩 포장된거써요...', '저는..  액체세제는 퍼실.. 종류별로 다 쓰고요..테크한장(?)세제인가?도 병행해서쓰는데.. 깨끗히빨리는거같아요..  양조절을  손으로 찢어야해서 그게 좀 단점인것같아요', '전 만들어서 써요 시중꺼 향때문에 못쓰겠네요 입덧이 아직 남아서요 금새 만드는데 만들어서 쓰셔도 좋을듯요', '퍼실요ㅎ', '퍼실요', '세일하는 액체세제요...ㅋㅋㅋ', '아기랑 같이 호호에미 써요', '전 넬리요^^', '퓨어비비 사용하는데요가격 저렴하면서도 순해서 좋더라고요프로폴리스 성분이 맘에 들어요', '한살림추천해요', '세제는 역시 암웨이죠!ㅎㅎ'",네이버 카페
79,리큐,2016.01.20. 13:52,리큐쓰시는분들??,"
리큐사려고하는데 일반세탁기사용중이구요진한겔?많이쓰던데 일반인가요 드럼인가요?액체세제니깐 암거나써도되죠?? 뭐가좋나요
","'리큐', '세탁기', '사용', '이구', '겔', '일반', '드럼', '액체', '세제', '암거', '뭐'","'저는 일반용 쓰는데 좋더라구용ㅎㅎㅎㅎ 제 기준에서는 만족이예요ㅎㅎ', '오바로사야겠네여', '저도 일반쓰는데 좋아요~~6개에 2마넌이면 사요~소셜에서요ㅋㅋ', '티몬에서 방금구입했어요 ^^ 여태껏 퍼실사용했는데 좋았으면좋겠네요'",네이버 카페
80,리큐,2015.12.09. 16:03,(완료)이것 저것 드려요~~^^,"
1. 마이비 섬유유연제 1200ml×3개아이꺼라고 따로 샀는데 세탁을 같이 해서... 필요가 없어졌어요.2.리큐 일반세탁기용이구요~ 2.1L짜리 새거하나,반 정도남은것도 있어요~~원하시면 쓰던 것도 드려요~~세탁기를 드럼으로 바꿔서 드려요~ 3. 사용감 많은 아이편해 아기띠예요~어깨 끈부분에 색 바램 좀 있는데 세탁을 자주 해서 그런듯해요~늘어짐이나 헤짐 없고 사용하는덴 지장 없습니다.필요하신거 번호 적어주시구요~ 제가 내일 시간 나는데 내일 빨리 가지러 오실수 있는분 계심 먼저 드릴께요~댓글or채팅주심 빨라요~ 진군입니다~
","'마이비', '섬유', '유연제', '세탁', '필요', '리큐', '세탁기', '용이', '구', '반', '정도', '것', '세탁기', '드럼', '용감', '아이', '아기', '띠', '어깨', '끈', '부분', '색', '바램', '좀', '세탁', '자주', '해', '헤짐', '사용', '덴', '지장', '번호', '제', '내일', '시간', '내일', '실수', '분', '계심', '먼저', '댓글', '채팅', '주심', '진군'","'챗드려요', '1번 줄서보아요ㅎㅎ', '드림 완료 되었습니다~', '2번 3번 될까요 드림완료된거죠 ㅠㅠ', '네.. 드림 완료되었습니다ㅠㅠ'",네이버 카페
81,리큐,2015.11.29. 23:52,집들이 선물로 드럼형 세제 받앗는데 저는 일반형 세탁기인데 어쩌죠?,"
????????????집들이 선물로 리큐 드럼용을 선물 받앗는데요??저는 일반형 세탁기 쓰거든요?이거 그냥 써도 돼나요??
","'선물', '리큐', '드럼', '용', '선물', '저', '일반', '세탁기', '거', '그냥'","'트럼용이 거품이 덜나는걸로 알고있어요쓰셔도 됄거에요ㅎㅎ', '네 감사해요 그냥 써야겟어요', '그냥쓰셔도되요~~^^', '아 감사해요 ㅋㅋㅋㅋㅋㅋㅋㅋ', '드럼용에 일반용은 쓰지말라던데 일반용에 드럼용은 괜찮다고 하더라구여', '아 그런말들은거 같애요 감사해요 ㅋㅋㅋㅋㅋㅋㅋ', '써두되요 ㅎ', '네 감사해요', '드럼용엔 일반세제가 안좋다고하는데 일반세탁기는 드럼용 써도 된다고했던거같아요~', '감사드려요 들은거같애요 ㅋㅋㅋㅋㅋ', '드럼용은 일반세탁기써도괜찮다고전에티비에서봤어요 일반용세제는 드럼세탁기사용하면안되고요~^^', '감사합니다', '리큐말고 다른 드럼용세제 일반세탁기에 써 봤구요 판매자분이 거품이 더 나고 덜 나고 차이지 다른 문제는 없다고 사용해도 된다고 하셔서..사용했고 아무문제 없었어요', '아 감사드려요 ㅋㅋㅋㅋㅋㅋㅋㅋㅋㅋ', '사용량이다르다고했어요', '사용량 다른거는 그러면 뒤에 설명서를 봐야돼나요?'",네이버 카페
82,리큐,2015.11.28. 02:58,애기 세탁세제 추천좀요ㅜㅜ,"
?꼬망스로 돌리는데아무래도 세탁기로 삶기를 ?해도...애기옷 때가 안빠지네요...세탁기가 문제인가ㅜㅜ....그냥 손수건 세탁용으로 전락할거같애여ㅜㅜ...?세제는 토루토루 쓰거든요ㅜㅜ..한번씩 미피삶통에 삶긴하는데 ..?그래도 어느정도.. 빨려야말이죠...옷이 뭐... 세탁기들어갔다온 척만 하니...ㅜㅜ?순한거둘째치고 ...때 잘빠지는거있을까요?????어른세제는 리큐진한겔 ?액츠 ?비트셋중에 어느거 쓰세요? ㅋㅋ
?
▶카페이용 전 반드시 카페규정?http://cafe.naver.com/imsanbu/28123090 을 미리 숙지하시어???? 규정위반으로 인한 카페활동제약 등 불편함이 없으시길 바랍니다.
▶각 질문방의 주제에 맞지 않는 글들은 적정한 게시판으로?각 무통보 이동됩니다.
▶?타인에게 불쾌감을 줄 수도 있는 사진들은?자제해주시고,?부득이한 경우에는 매너사진으로 올려주세요.??(공지 http://cafe.naver.com/imsanbu/18729542?2번항 참고)
?
?
?
?
?
?
?
?
?
?
?
?
?
?
?
?
?
?
?
?
?
?
?
?
?
?
?
?
?
?
?
?? 
??
?
?
?
?
?
?
?
?
?

? 
?
? 
?
?
?
?

?
?
?
?
?
?
?
?
?
?
?
???
","'세탁기', '때', '세탁기', '문제', '그냥', '손수건', '탁용', '전락', '애', '세제', '토루토루', '한번', '피삶통', '정도', '옷', '뭐', '세탁기', '온', '척', '하니', '둘째', '때', '어른', '세제', '리큐진한겔', '거', '카페', '이용', '전', '반드시', '카페', '규정', '미리', '숙지', '규정', '위반', '카페', '활동', '제약', '등', '각', '질문방', '주제', '글', '게시판', '각', '무', '통보', '이동', '타인', '불쾌감', '줄', '수도', '사진', '자제', '부득이', '경우', '사진', '공지', '번항', '참고'","'토루토루 쓰다가 지금은 아토팜꺼 써요~ 뭐 워낙에 아기 옷이 심하게 지저분한 적이 없어서 그냥저냥 괜찮게 쓰고 있어요~ 뭐 묻거나 그런건 비누로 대충이라도 손으로 좀 애벌빨레해서 돌리거든요.', '애벌... 대단하세요....짝짝짝... 애가 이제막 기려고 해서옷이 바닥에 쓸려가지구 엉망이네요...ㅜㅜ휴... 아토팜 참고할게용!', 'ㅎㅎ저나 애기 아빠나 지저분한 꼴을 못봐서.. 우리 아들도 기기 시작하면서 걸음마도 늦고 했더니 한참을 기어다녀서 바지가 많이 지저분해지긴했어요~ 애벌이라해봐야 손으로 조물조물 몇번하고 세탁기로 직행이네요. 세제를 많이 안넣어도 뭐 나름 깨끗하게 빨리더라구요~', '세제는 에티튜드죠ㅎㅎ', '토루토루가 아기천연세제치고는 그나마 세탁력이 좋다고들 하던데... 다른세제 뭘 써도 마찬가지일듯요.제가 볼땐 꼬망스가 세탁력이 약한거 아닐까요? 꼬망스 첨 나왔을때 저 조금한 드럼이 제대로 세탁이나 될까 싶었는데.. 게다가 물많이 넣는 통돌이도 아니고....음...... 드럼세탁기 전용세제를 함 알아보시는게 좋을듯요.. 꼬망스전용이든가...아님... 과탄산이나 베이킹소다를 같이 넣어서 사용해보셔도 되고요...참고로 전 토루토루로 어른꺼도 다 세탁할만큼 만족하며 쓰고 있거든요. 벌써 1년이상 쓴거 같아여', '어른세제는 퍼실사용중이고,아기들은 아기세탁기에 에코스토어 사용중이에요둘째가 아토피인데 친환경소재라서 피부에도 안심이고 때도 잘 지워져요^^'",네이버 카페
83,리큐,2015.11.12. 00:21,세탁세제 가루랑 액체 중 어떤 게 좋은가요? 리큐 쓰는데 다른 거 추천해 주세요^^,"
세탁세제 가루랑 액체 중 어떤 게 더더 좋은가요? 리큐 쓰는데 다른 거 추천해 주세요^^다른 것도 써보고픈 여자 욕심이란;;;;리큐 액체 세제 말고 좀더 때가 잘 빠지는? 그런 세제 추천해 주세요^^섬유유연제도 함께 추천해 주심 더더 감사해요^^??????
","'세탁', '세제', '가루', '액체', '중', '게', '더더', '리큐', '다른', '거', '추천', '다른', '것', '보', '여자', '욕심', '리큐', '액체', '세제', '좀더', '때', '세제', '추천', '섬유', '유연제', '추천', '주심', '더더'","'저는 개인적으로 액체세제가 좋다고 생각해요ㅎ그리고 저는 퍼실캡슐써요~ 세탁할때 하나씩 쏙쏙 넣는 재미가 있지용ㅎ섬유유연제는 다우니요~', '감사해요^^', '얼마전 세탁기 as불렀능데 기사분이 액체쓰라고 하더라구요 드럼이라명 꼭.. 통돌이어도 가루는 물이 개어서 쓰래요 가루가 통에 박혀서 세탁기 오래 쓰지도 못하고 먼지까지 다 잡고있어서 가루세제 오래쓰면 시탁해도 옷에 먼지붙어 나온다구요대부분 오래씅 세탁기 업체불러 통 분해해서 청소하는데 그러면 세탁기 틀어져서 금방 망가진다고 그렇게 하지 말라하더라구요..그거 곰팡이랑 먼지 없앨려면 액체세제 8개월이상 써야한다했어요..그럼 없어진다고..본인집에서도 가루세제 쓰다가 분해해봤는데 곰팡이랑 먼지 많았는데 다시 조립해서 액체세제 쓰고나서 다시 분해해보니 통에 붙어있던 이물질들이 다 빠졌다 하더라구요..저는 그래서 액체세제 써요 왠만함 가루세제는 쓰지마세요', '감사해요^^', '저도 액체 퍼실 쓰구요 섬유는 아기그림있는 컴포트센서티브 인가 이거써요 잔향이 오래가서 좋더라구요', '오오 좋은정보 감사요^^', '퍼실 사야겠어용 ㅎㅎㅎ'",네이버 카페
84,리큐,2015.11.11. 00:28,세탁세제 머쓰세요?,"
퍼실은 형이 강해서 싫구요리큐는 세탁이 좀 덜되는것같구ㅠㅠ다른걸루 갈아타려는데 좋은제푸 추천해주세요코스트코에 파는 타이드 어떤가요?
","'퍼실', '형', '요리', '큐', '세탁', '좀', '덜', '걸루', '은제', '추천', '코스트코', '이드', '가요'",,네이버 카페
85,리큐,2015.10.20. 19:34,리큐세제 쓰시는분 계신가요??,"
어떤게 좋은가요!두개중에 어떤거쓰세요?? 추천해주세요!
","'개중', '추천'",'퍼실 세제향이 너무강해서 리큐로 바꿨는데 세척력은 별차이 없는듯해요. 전 1/2젤 쓰고있어요',네이버 카페
86,리큐,2015.10.02. 17:53,액체세제 뭐가 좋을까요? 추천해주세요(드럼용),"
세제 사려고 하는데 어떤게 좋을까요? 소량사용으로 때 잘빠지면 좋겠는데..퍼실 리큐 액츠등 종류가 많네요..
","'세제', '사려', '소량', '사용', '때', '퍼실', '리큐', '액츠등', '종류'","'티몬서 리큐 싸게 6개씩 묶음 팔아서 사요^^', '테크 써요 . 나쁜점은 아직못찾았네요 .', '리큐 써봤는데 괜찮은것 같아요', '퍼실 쭉~쓰고 있어요.냄새도 좋고..리큐는 안써봤는데 담에 저도 써봐야겠네요.', '전 퍼실이 좋더라구요', '타이드요', '한입세제 쓰고있어요.농축으로 조금만 써도 된다는거요.'",네이버 카페
87,리큐,2015.10.01. 22:48,리큐 진한겔쓰시는분계세요?,"
써보신분어떤가요?그리고 용기없이 리필형으로사용해도되죵
","'보신', '가요', '용기', '리필', '사용', '죵'",'리필형이 더 편해용그리고 쬐끔씩만 쓰셔도 되요 리큐는~',네이버 카페
88,리큐,2015.09.29. 22:45,액체세제 뭐쓰세요??,"
가루세제 쓰다가가루세제가 물에 안녹아서 섬유에 붙아 남아있게되면 해롭단 소릴 들어서...;;액체세제로 바꿔보려고하는데 뭐가 좋은가요???제가 아는건 퍼실이나 리큐?그리고 다단계 회사제품들도 많던데가격도 너무 비싸지 않은걸루 괜찮은거?추천좀 해주세요~^^
","'가루', '세제', '가루', '세제', '물', '섬유', '소릴', '액체', '제로', '뭐', '제', '퍼실', '리큐', '다단계', '회사', '제품', '가격', '루', '거', '추천', '좀'","'전 퍼실 사용하는데~향도 좋구 잘녹는거 같더라구요ㅎ', '오~ 답변감사해요^^', '삭제된 댓글입니다.', '세척력이 더 좋다니 퍼실 끌리네요~', '퍼실센서티브 향도연하고 좋더라구요~', '센서티브~  찾아봐야겠어요!!', '반만쓰는 리큐써요 세척력도 괜찮고 세제사용많이안해서 경제적이구..', '반만쓰는 리큐도있나요?? 찾아서 비교해봐야 겠네요~~', '비트 써요', '+○+비트도액체가 있군오~~', '전 오클린이요. 아기도 같이 써야해서...', '아~이영애씨가 광고하는~~!  정말 좋은가요???', '네 전 만족해서 세제 종류는 다 오클린으로 바꾸었어요. 주변에 소개할만큼 좋네요.', '리큐쓰는데,  계속 쓰게 되네요~', '저도 한번 쓰면 계속 쓰게될 것 같네요~ 그래서 신중신중ㅋ', '리큐쓰고 썼다가 한입만인가 그거쓰네요', '한입만??  그런것도 있나요?? 오~', '퍼실도 좋고... 전 세제혁명도 좋드라구요.....액체로 된거...가격도 저렴하고....빨래도 잘되고....', '액체세제말고 캡슐세제는 어떠세용?비앤비 무첨가 녹는 세제 좋던데~~무겁게 세제통 들지 않아도 되고..성분보닌까 아이부터 어른까지 온가족이 사용해도 좋더라구요.^^', '뉴트리엔 액상세제가 괜찮더라구요~거품도 잘씻겨내려가고 순하니 마음에 드네요~', '뉴트리엔 액상세제쓰고있는데 2만원 초반대라 가격도 괜찮고 섬유유연제랑 셋트로 사면 사은품도 주고 괜찮네요~'",네이버 카페
89,리큐,2015.09.05. 12:57,드럼세탁기에 일반세제요~~~,"
집들이선물로?받은것중에..??일반세제(리큐)를4통이나?받았는데ㅜ.ㅜ드럼용이?아니네요..그냥?사용하셨던분들?괜찮았나요~??
","'집들이', '선물', '중', '일반', '세제', '리큐', '를', '통', '드럼', '용이', '그냥', '사용', '던'","'저희 엄만 그냥 쓰시더라구요. 드럼용이랑 달라서 양조절하면 된다던데. 혹시 모르니 고객센터에 문의해보세요! 가장 정확하고 빠릅니다~', '세탁력이 달라서 맞는 세재로 사용하셔야될거예여. 일반세재가 더 쎄다(?)라고 알고있어서. 드럼에 사용하시면 행굼이 덜되는걸로 알고있어여. 전 일반용 선물받은거 다 지인한테 줬어여 ㅠㅠ', '일반용은 거품이 많이 나서 드럼에 쓰면 헹굼이 제대로 안 된대요. 세탁할 때 들어가는 물 양이 엄청나게 차이 나니까요.', '양을 조금만 넣으셔서 해보세요~~거품이 많이 생기거든요 일반세제가~~', '저도 잘못해서 쓴적 있었는데 ㅜㅜ알고나서는 남은거 청소용이나 뭐 손빨래 담금용으로 쓰려구요', '양을 반으로 줄이심 되요 거품 차이에요', '거품도 겁나나구요 거품때매 세제양을 줄이면 세척력이 약해져요.^^'",네이버 카페
90,리큐,2015.09.05. 01:59,(완료)왕자헹거 리큐세제랑 교환하실분,"
세탁실용 왕자헹거에요왕자헹거 사이트에서 산거랍니당작년 10월에사서 쓰다가 이사하고 여긴 세탁실이좁아 설치가안되서요리큐액체세제 일반용 2리터나 3리터 교환원해용 ~의정브 신곡동이에여
","'세탁', '실용', '왕자', '헹거', '왕자', '헹거', '사이트', '랍', '작년', '이사', '세탁실', '설치', '요리', '큐', '액체', '세제', '일반', '용', '리터', '리터', '교환', '의정', '브', '신곡동'","'다른일반용 세제랑 교환괜찮으시면 연락주세요.', '저 리큐세제있어요~  교환원해용~', '챗드릴게여~', '불발시 챗주세요^^', '아쉽게도 완료되써여 ^^;'",네이버 카페
91,리큐,,네이버 카페,,,,
92,리큐,2015.09.01. 20:49,(완료)아기신발 물교하실분^^,"
결혼하고 임신도하기전에 아기신발 선물받아 장식용으로 거실장위에두고지냈어요^^임신하고 성별나왔는데 아들이래요 ;;ㅋㅋ보시다시피 여아신발이구요 물교하고파용박스는 버렸으나 장식용으로 두었던새거구요 ㅠ아가방꺼구 사이즈는 140이네요 이쁜여아두신맘들 연락주세용리큐액체세제 일반용 2리터랑 교환원해요^^ 신곡동입니다~~^^
","'결혼', '임신', '아기', '신발', '선물', '장식', '용', '거실', '장위', '에두', '임신', '성별', '아들', '요', '여', '신발', '이구', '물교', '박스', '장식', '용', '거구', '가방', '사이즈', '아두', '신맘', '연락', '세용', '리큐', '액체', '세제', '일반', '용', '리터', '교환', '신곡동'",,네이버 카페
93,리큐,2015.09.01. 20:33,(완료)철제선반 필요하신분~~,"
말그대로 철제선반이에요기념일액자사면서 인테리어 유명한블로그에서 공구한거구요~^^결혼하면서 인테리어과욕에 이것저것 다샀는데 달곳이마땅치않아서요공구로 무려 4만원넘게주고 샀어용 리큐액체세제 일반용 한통이랑 교환하구싶구요 인테리어관심있으신분들 딱좋아할스탈이에용신곡동입니당..아래는 참고사진 찾아올려용~^^
","'말', '그대로', '철제', '선반', '기념일', '액자', '사면', '인테리어', '블로그', '거구', '결혼', '인테리어', '욕', '것', '것', '달곳', '땅치', '공구', '무려', '리큐', '액체', '세제', '일반', '용', '통', '교환', '인테리어', '관심', '신분', '스탈', '용신', '곡동', '아래', '참고', '사진', '용'","'예쁘네요^^ 제가 또 교환하러 가고는 싶지만.. 멀어서ㅠㅠ 택배는 안되시겠죠??', '행복맘님 ~~ ㅋㅋ챗드릴게용'",네이버 카페
94,리큐,2015.08.27. 21:19,스팀큐 다리미 교환해요~~(완료),"
결혼하고서 10개월전에 산 새다리미구여~ 스팀이고 부속품 온 그대로 다있어요팔요할것같아 샀는데 어쩌다보니 사놓고 한번도 안썼어요 ㅠ 꺼내만봤구요 ㅜ 묵혀두기아까워서요리큐 액체세제 한통 또는 포도씨유한통이랑 교환원합니다 ~~ 신곡동이에여~ 
","'결혼', '개월전', '산', '다리', '스팀', '부속품', '온', '그대로', '요팔', '한번', '두기', '요리', '큐', '액체', '세제', '통', '포도', '유한', '통', '교환', '신곡동'","'저여~^^', '챗드릴게여^^', '줄서요~', '혹 불발되면 쪽지드릴게요~'",네이버 카페
95,리큐,2015.08.06. 17:31,세탁세제 뭐가나은가요?,"
리큐로 바꿔보려하는데진한겔 이있고반만쓰는 1/2 이 있네요반만쓰는 1/2 사려하니 이건 리필이 따로 안팔아서 매번 통으로 새로 사야하는거같고..진한겔이랑 반만쓰는 1/2 뭐가더 나은가요ㅠ
","'리큐', '겔', '반', '이', '반', '사려', '이건', '리필', '매번', '통', '진한겔', '반', '뭐'","'액체보다 전 겔이 더 막써져서ㅠ소비가 크더라구요 흑흑', '그냥 가루세제 실내건조용 으로쓰고세탁시 조금만넣어요 천연가루같이넣어서요베이킹소다 산소계표백제 인지 계인지'",네이버 카페
96,리큐,2015.07.10. 10:40,아기세제 어른세제 같이쓰시는분~~~^^,"
9갤아기키우고있어요~~지금껏아기세제따로어른세제따로 써왔어요아기는궁중비책쓰구어른세제는일반그냥리큐이런거썼구요근데아기가 제옷빨고 얼굴비비고이러니까세제를 어른아기 다쓸수있는걸루바꾸는게 맞는거같아요ㅜ아기태어나서부터그렇게했어야하는데....ㅜ요즘환경호르몬 성조숙증 걱정되잖아요맘님들세제같이쓰시는분들 어떤제품쓰세요?넬리세제도같이쓸수있는건가요~
","'지금껏', '세제', '어른', '세제', '아기', '궁', '비책', '어른', '세제', '일반', '그냥', '리큐', '아기', '옷빨', '얼굴', '비비고', '세제', '어른', '아기', '루바', '아기', '요즘', '환경호르몬', '성조숙증', '걱정', '맘', '세제', '쓰시', '분', '제품', '넬리', '제도', '가요'","'따로쓰시는게좋아요', '따로쓰는게좋나요,..?전따로쓰다가같이쓰려하는데..ㅜㅜ', '어른이쓰는세제랑아기가쓰는세제완전달라요 원료그자채도다르고요 아기껀향도진하지도않고순하고요 어른껀향이진해요', '삭제된 댓글입니다.', '천연뭐쓰세요~~??따로쓴다해두저희세제라두좀천연으루바꿔야할거같아요', '그렇군요~~ㅎ넬리쓰고있는게아니구요넬리두같이써두되나라는뜻이었어요ㅎ감사합니다^^', '너무 교과서대로해도 면연력없어지고 그래요저같은경우 첫애땐 50일정도까진 아기세제썼구요둘째셋째땐 어른세제 같이쓰고있어요 요즘 잘 나오잖아요', '전 아기 어릴때는 아기세제로 어른옷 같이 썼어요빨래는 따로 하구요지금은 친환경 세제 같이 쓰고 있어요', '같이 쓰면 좋지만 아기용세제는 비싸서.. 근데 같이 사용하는게 맞는것같아요~ 보통 내추럴성분 세제는 수입브랜드가 많던데... 넬리도 괜찮구요.. 에코버, 라브르베르, 세븐스제너레이션 뭐 이런 수입세제들이 친환경이드라구요.', '네~~감사합니다^-^', '전 그냥 같이빨아요같이해도 아이 아무이상없고저희클때 아이세제 어른세제 따로 있던것도 아니고지금보다 안좋음안좋아지 더 좋은거 아닐꺼거저도 아무이상없이 잘컷고요 ㅎ'",네이버 카페
97,리큐,2015.06.14. 13:17,리큐쓰시는분 계세요?,"
					
					
					
					
					

					
					
					
					
					
					
					
					
					
					
					
						
						리큐 진한겔 써보려고샀는데 리필용을샀는데요 
세탁볼없이 그냥 쓰면 안되는건가요??그냥세탁기에 부었는데요ㅜㅜ
					
					
					
					
					
					
				","'리큐', '진한겔', '리필용', '세탁볼', '그냥', '가요', '세탁기'","'세탁볼잇어도 그냥 세제만 넣고 썻어요 ㅎㅎ', '일반세제처럼 그냥 넣고 쓰면되는거죠??', '네 전 드럼인데 세제넣는데 그냥 넣고 세탁돌렷어요'",네이버 카페
98,리큐,2015.06.09. 15:30,일반세탁기 액체 세제 쓰시는 분 추천 부탁드려요. ^^,"
★수다방 이용수칙~! 꼭 확인해주세요^^★ 1) 카페이용 전 반드시 카페규정?http://cafe.naver.com/imsanbu/28123090 읽어주세요.(게시물의 이동,삭제,강퇴에 대한 내용 꼭 확인하셔서, 규정위반으로 인한 카페활동제약 등 불편함이 없으시길 바랍니다.)2) 광고·홍보글/이벤트 스크랩/보험가입사은품 낚시글 등은 게시불가합니다.? 3) 판매,대여,양도,부동산거래 등 금전이 오가는 거래/공구모집/구함글(판매,대여,구인구직,영업사원·홈스쿨선생·베이비시터·가사 도우미 등) 등은 게시불가합니다. 4) 후기글은 해당 후기게시판으로, 의료분쟁 관련 등?지역사회 분쟁글은 이슈게시판으로 각 이동되고, 과도한 논쟁글(욕설과 비하 등)은 삭제됩니다. 5) 수다방 성격에 맞지않는 이탈글은 이동 또는 삭제됩니다. (예: 임신을기다리는맘들수다방->임테기 두줄사진 등 임신확인문의글, 싱글방->이혼문의글, 외동아방->둘째찬반논쟁글, 예비신부의 임신얘기->낙태고민글, 박람회관련 질문과 후기글등은 박람회게시판으로?이동)6) 임산부 회원이 많은 카페입니다. 보는?이에 따라?불쾌감을 줄 수도 있는 사진은 특별히 자제바라며, 부득이?올려야 하는 경우에는?제목에 경고문구 및 매너사진으로 올려주세요. 많은 협조 바랍니다. ^^??세탁세제가 필요해서 구매를 해야 하는데요..지금은 리큐 쓰고 있는데 한두 번 쓰면 끝날 것 같아요.찾아보니까 퍼실, 비트, 리큐, 겔업.. 많기도 많네요. ㅠ_ㅜ겔업이 용량 대비 매우 저렴해서 자꾸 끌리긴 하는데.. 혹시 싼 게 비지떡일까봐 걱정도 되구요..곧 장마인데 싼 거 사면 습할 때 냄새날까 걱정도 되고..사용후기 간단하게 부탁드립니다.??????
","'다방', '이용수', '칙', '꼭', '확인', '카페', '이용', '전', '반드시', '카페', '규정', '게시', '물의', '이동', '삭제', '강퇴', '대한', '내용', '꼭', '확인', '규정', '위반', '카페', '활동', '제약', '등', '광고', '홍보', '글', '이벤트', '스크랩', '보험', '가입', '사은', '품', '낚시글', '등', '게시', '판매', '대여', '양도', '부동산', '거래', '등', '금전', '거래', '공구', '모집', '구함', '글', '판매', '대여', '구인', '구직', '영업', '사원', '홈', '스쿨', '선생', '베이비', '터', '가사', '도우미', '등', '등', '게시', '후기', '글', '해당', '후기', '게시판', '의료', '분쟁', '관련', '등', '지역', '사회', '분쟁', '글', '이슈', '게시판', '각', '이동', '과도', '논쟁', '글', '욕설', '등', '은', '삭제', '다방', '성격', '이탈', '글', '이동', '삭제', '예', '임신', '맘', '다방', '줄', '사진', '등', '임신', '확인', '문의', '글', '싱글', '방', '이혼', '문의', '글', '외동', '방', '찬', '논쟁', '글', '예비신부', '임신', '얘기', '낙태', '고민', '글', '박람회', '관련', '질문', '후기', '글등', '박람회', '게시판', '이동', '임산부', '회원', '카페', '이', '불쾌감', '줄', '수도', '사진', '자제', '부득이', '경우', '제목', '경고', '문구', '및', '사진', '협조', '세탁', '세제', '구매', '지금', '리큐', '번', '것', '퍼실', '비트', '리큐', '겔업', '겔업', '용량', '대비', '매우', '자꾸', '혹시', '게', '비지', '떡', '걱정', '곧', '장마', '거', '사면', '때', '냄새', '걱정', '사용', '후기'","'삭제된 댓글입니다.', '댓글 감사합니다. 맞아요. 세제 많이 쓴다고 잘 빨아지는 거 아니라는데 괜히 기분에 자꾸 많이 쓰게 되더라구요ㅜㅠ', '저는 리큐랑 액츠가 제일 좋았던 것 같아요! 빨았을때 깨끗히 빨렸다는 기분 들었어요~', '댓글 감사합니다ㅎㅎ역시 가격 좀 되는 세제가 좋은 세제인가요ㅎㅎ고민고민ㅜㅠ', '한입식초세제요 적게 넣어도 깨끗하게 빨리고 섬유유연제 안넣어도 여름에 냄새도 안나구요', '댓글 감사합니다.한 번 찾아볼게요! ㅎㅎ', '겔업 잘쓰고있어요.근데 고농축이아니라 헤프다는 느낌은있어요.마트파는것들은 대부분 성분들이 쫌..', '댓글 감사합니다. 액체세제 정말 헤프더라구요.근데 또 액체세제 쓰다가 가루쓰려니 싫은 마음이ㅜㅠ', '겔업써보니~좋아요똑같아요~어차피오투액션이런거넣으니까요~여름엔빨래도 많아서 리큐넘금방써요 어차피 액체세제 비슷하단 기사도봤고 ㅎㅎ', '댓글 감사합니다.오투액션을 같이 쓰시는군요.전 세제만 딱 쓰는 게으른 살림꾼이라ㅜㅠ', '저도ㅡ그랬었는데 아이가 초드드가니 비싼건못입혀도 깨끗하게라도 입혀야겠더라구요~그래서 어쩔수없이요', '댓글 감사합니다. 표백제도 같이 알아봐야겠어요^^', '저는 퍼실 쓰는데 다른 액체세제보다 좋은거 같아여. 리큐 첨 나왓을때 써봣는데 퍼실이 젤 좋은듯해여~ 전 헹굼은 많이 하고 세제는 권장보다 조금넣는데 아낀다는 마음은 없고 깨끗하게 헹굼되라구여 ㅎ 매일 빨래하고 이불도 돌아가며 매일 빠니까 세제 금방쓰긴 해여~', '댓글 감사합니다^^저도 아기가 있어서 헹굼을 많이 하는 편이긴 해요^^이런 팔랑귀ㅜㅠ퍼실도 다시 살펴봐야겠어요.', '삭제된 댓글입니다.', '댓글 감사합니다.리큐 저도 큰 불만없이 사용 중이긴 한데 슬슬 바꾸고 싶어져서요^^세제와 표백제를 같이 사용하는 살림꾼들이 많으시네요!참고해야겠어요^^', '삭제된 댓글입니다.', '댓글 감사합니다!퍼실도 자꾸 눈이 가긴 하는데 가격이 너무 차이가 나서ㅜㅠ근데도 자꾸 눈이 가네요ㅎㅎ'",네이버 카페
99,리큐,2015.06.09. 12:19,빨래삶을때요~~ ,"
					
					
					
					
					

					
					
					
					
					
					
					
					
					
					
					
						
						아기옷 삶는스타일은아닌데^^;; 수건은 삶아야겠더라구요아기손수건 수건삶을 용으로키*아트 삶는냄비샀어요보통세제어떤거넣으세요집에 베이킹소다.  호호애미세제. b&b세제. 리큐요렇게있어요우리남편은 일반세제쓰면 화학물질공기중으로흡입한다고아기호흡기에안좋다고 한소리하네요ㅜ베이킹소다넣을까하는데그거넣고 삶고 세탁기로헹굼.탈수만하나요?유연제는~~ 안넣죠?ㅋㅋㅋ?
","'아기', '옷', '스타일', '수건', '아기', '손수건', '수건', '삶', '로키', '아트', '냄비', '보통', '세제', '집', '베이', '킹소', '호호', '애', '미세', '제', '세제', '리큐', '우리', '남편', '세제', '화학물질', '공기', '흡입', '고', '아기', '호흡기', '한소리', '베이', '킹소', '그거', '세탁기', '헹굼', '탈수', '하나요', '유연제'","'전 넬리 세제쓰고 있어요;', '삶통에 넬리넣고 삶는거죠?ㅎ', '전 베이킹소다만 넣고 삶았어요..얼룩이 심하면 과탄산 넣구요', '저도 베이킹소다넣고해봐야겠어요~~', '베이킹+과탄산 넣고삶고 세탁기에돌려요 ~'",네이버 카페
100,리큐,2015.05.25. 23:57,세탁세제 뭘로 쓰세요들?,"
					
					
					
					
					

					
					
					
					
					
					
					
					
					
					
					
						
						뭘써야 세척력이 좋을까요암웨이도써보고 호호에미도써보고 리큐도 써봤는데세척력이 떨어져요ㅜㅜ4살 아들이랑 같이 쓸수 있는 세제.유연제 추천 해주세요맘님들 댁엔 어떤세제들이 자리잡고 있나욤~?^^?
","'뭘', '세척', '암웨이', '보고', '호호', '미도', '보고', '리큐', '세척', '살', '아들', '세제', '유연제', '추천', '맘', '댁', '세제', '자리', '잡고', '있나욤'","'리큐 반에 과탄산소다 반. 유연제는 구연산요.', '과탄산 구연산 마니 쓰시네요..근데 고거 안녹고  찌꺼기가 세탁기에 마니 남는다고 하더라구요..ㅜㅜ저흰 세탁기 온수를 못틀어서ㅜㅜ', '온수 못쓰면..못써요.뜨거운 물에녹여서 넣기는 불편하고. 온수를써야 세탁이 깨끗히되는거 같아요.', '저는 베이킹소다랑 산소계표백제 사용해요. 거기에 어른용은 다우니, 아가용은 구연산수 플러스요', '넬리랑 런드레스 써요', '전 넬리 써요 몰랑101인가 샘플 향이 너무 좋아 비싸지만 구입해서 애들옷에만 써요~', '전 에코버꺼 쓰는데..울세제다보니 세척력이 강하진않아서 더러운건 에벌빨래 하고 돌려요;', '어른껀 퍼실이나 리큐애들껀 네이쳐러브메레나 넬리 써요', '전 세제혁명 쓰고 있어요호호애미도 전 좋던데~~', '전 토루토루요.. 천연세제인데다 세척력도 좋네요', '세제 유연제 둘 다 마마앤부꺼 사용중이에요^^~!향도 은은하고 조금만 사용해도 거품도 잘나고세척력도 괜춘더라그여~', '전 에코스토어 쓰고 있어요.. 성분도 안전하고, 저의 아기 이유식으로 얼룩덜룩해진 옷들도잘 빨리더라고요', '에코스토어 쓰는데 순하고 좋아여^^', '암웨이 세제는 세탁세제 표백세제 강화세제 3가지 섞어 써야 해요*^'",네이버 카페
101,리큐,2015.05.09. 19:58,(급)지금바로 세제만 넣음되는디..잘몰겠어요ㅜㅜ,"
					
					
					
					
					

					
					
					
					
					
					
					
					
					
					
					
						
						애기 배넷이랑 손수건, 속싸개 등 이런거 선물들어온거랑 산것들 이것저것 세탁할려구 합니당~지금 세탁물은 세탁기에 넣어둔 상태라 세제만 넣음돼요~근데 옷이나 상표보니 대부분 중성세제 사용하라고 돼있어서 흔히 일반 사용하는 리큐,액츠 이런걸 합성세제라 하잖아요~애기꺼라 애기세제 사놓은거 보니, 뒷면에 알카리성액상이라 돼있더라구요~  알카리성이 염기성인건가요??ㅡㅡ;;;글구 암앤해머꺼 워싱소다 이것도 강알카리성이라는디ㅡㅡ;;카믄 이거 알카리성세제는 중성이 아니라 쓰면 안되나요?ㅠ세제도 왜캐 어려븐지ㅡㅡ;;; 글구 피죤 이런것도 쓰면 안되나요? 저때도 그냥 한번 쓴거 같은디ㅜㅜ 세탁 바로 해야되는디 이거 써도 될지말지 잘몰겠으용ㅠㅠ??
","'애기', '배넷', '손수건', '싸개', '등', '선물', '것', '것', '세탁', '구', '지금', '세탁물', '세탁기', '상태', '세제', '옷', '상표', '대부분', '중성세제', '사용', '일반', '사용', '리큐', '액츠', '걸', '합성세제', '애기', '애기', '세제', '거', '면', '알카리', '액', '알카리', '염기성', '건가', '글구', '앤', '해머', '워싱소', '것', '강', '알카리', '디', '카', '거', '알카리', '세제', '중성', '세제', '왜캐', '어려븐', '글구', '피죤', '것', '때', '그냥', '한번', '세탁', '바로', '거'","'쓰셔도 상관없을거같은데요 처음에만 그렇지요 시간이 지나면 막 쓰실거에요^^;', '아 그런가요ㅋㅋ 저두 그럴꺼같애용~ㅎㅎ답변 감사합니다^^'",네이버 카페
102,리큐,2015.04.25. 18:08,구입한 젖병이나 장난감등 세척하나요?물티슈로 닦나요?,"
					
					
					
					
					

					
					
					
					
					
					
					
					
					
					
					
						
						더블하*에서 저렴할때 젖병 구입해뒀는데요~새상품인데 이런것들도 일단 처음에 사용전에 무조건 한번 다 세척~ 설겆이 하듯이 세정제로 씻어야하나요?그럼 나머지 예를들어 치발기나 딸랑이는 어캐 씻죠?빠는 개념(세탁기)인지? 세척(설겆이)하는건지?글구 집에 보니 선물받은 장난감 이런게 있는데 놔두다보니 먼지가 구석구석 쌓이는데요~ 저런건 나중에 애기한테 줄때 어캐하죠? 안뜯어봤지만 안에 건전지 있는듯한데~ 그냥 아무 물티슈로 닦아서 주면되나요? 꼭 애기전용 물티슈로 닦아야되는지요? 혹, 헝겊 인형같은것도 새거사면 애기손에 가기전에 무조건 다 빨아서 줘야되는지요? 그럼또 이때도 그냥 리큐 이런 세제쓰면 안되고 애기세제 써야되나요?아~~~ 진짜 하나도 몰겠어서 자꾸 여쭤봅니당ㅜㅜ곧있음 출산인데 아는건 암것도 없고 걱정만 되네요.. 애기나옴 이렇게 올릴 시간이라도 있을까.. 넘 염려되서 미리 이렇게 여쭤봐여...  애기니까 모든게 다 조심스럽네용..?
","'더블', '때', '젖병', '구입', '상품', '것', '일단', '처음', '사용', '전', '무조건', '한번', '세척', '설겆', '듯이', '정제', '나머지', '예', '치', '발기', '딸', '어캐', '개념', '세탁기', '인지', '세척', '설겆', '글구', '집', '선물', '장난감', '먼지', '구석구석', '나중', '애기', '줄때', '어캐하', '안', '건전지', '데', '그냥', '아무', '물티슈', '꼭', '애기', '전용', '물티슈', '혹', '헝겊', '인형', '거사', '애기', '손', '무조건', '또', '때', '그냥', '리큐', '세제', '애기', '세제', '진짜', '하나', '자꾸', '출산', '것', '걱정', '애기', '시간', '염려', '미리', '애기', '모든', '용'","'새 제품 새 옷이라도 한 번 세척/세탁하고 사용하는게 좋아요~젖병, 딸랑이, 치발기 등은열탕소독을 하거나 젖병소독기에서 소독 한 번 하고 사용하세요~', '열탕소독이라면 끓는물에 그냥 넣어서 끓이나요?아님그냥 담궜다가 바로 건지면 되는지요?', '끓는물에 넣고 5분정도 냅두시면 되요', '네넹~~ 감사해요^^', '당연히 신생아가 쓸건데 세척하셔야죠젖병세정제로 세척후 열탕소독이나 자외선소독하세요열탕소독은 젖병은 5분,젖꼭지는 30초정도 하심되요', '각각 다른군요~ 정보 감사합니다^^', '모두다세척.소독해야해요~!빨래(옷가지.인형.이불.모자등등)는아기세제.저자극으로빨아서햇빛에바짝말려향균지퍼팩에넣어노시구요,장난감.젖병같은건아가용식기세제.아님저자극식기세제로설거지다해서젖병소독기에다소독해서(아님열탕소독)장난감같은건향균지퍼팩에넣어두시고요.아기태어나서쓰시기바로전엔속독기에만한번더돌려서바로사용하심돼용~ 저두출산임박이라열심히준비중인데님두준비잘하셔서이뿐아가만나세용~^^', '아~~ 감사해요!!^^ 첫째아니신가봐요~~ 이렇게 잘아시니^^ 항균지퍼백도 꼭 필요한거네요~~ 꼭 참고할께요!!순산하세요~~^^', '애기껀 무조건 처음에 다 세척, 세탁한다생각하세요,젖병,치발기 등등은 다 설거지하듯이 세척해주시고 천으로된 인형이냐 헝겁책, 새옷등등은 다 세탁 후 아기한테 주세요~~~', '새거라고 그냥주면 진짜 클랄뻔 했네용ㅡㅡㅋㅋ감사해요~~^^'",네이버 카페
103,리큐,2015.04.17. 16:26,(드림종료)생필품 드림 ,"
아는 사회복지사분께 보내드리는걸로 종료하렵니다.?대박세일간의 마트쿠폰이나 홈쇼핑을 이용해 1+1,증정,40%이상의 할인 적용을 받아 산 것들로 한개는 저희 가족이 쓰고 하나는 차곡차곡 모아둔거예요.모두 최근구매이니 안심하셔도 됩니다. 2010년 가을에 작은애 낳고서 앞으로 어떻게?나누며 살것인가 생각하다가 얻은 작은 아이디어예요.  회를 거듭할수록 요령도 생기고 오히려 더 알뜰하게 소비를 하게 되네요. 어차피 계획된 생활비 지출내에서 하나씩 모아둔거라 저희 가계엔 부담도 적고, 싱글맘 가정에 요긴하게 쓰여지면 더없이 좋겠습니다.  내용물은 꽃담초 섬유유연제 정량 1개, 리큐 베이킹 소다 세탁세제 1개,닥터브로너스 샤워비누1개(238ml), 홈스타 욕실청소용 1개 , 려샴푸 1개, 2080치약 3개, 슈프리모 커피믹스 50개들이, 수세미,슈가버블 주방세제,성인 칫솔  제습제 1통.옷장용 하마 방충제, 세면타올 2장 이정도입니다. 박스가 허전하면 무언가 더 담을지도. . . 사진은 이전 드림글에 있으니 참고 하시면 됩니다.한가정에 모두  보내드리며 택배비용도 호야둘이 쏩니다. 싱방드림 룰 적용합니다.  그리 값나가는 물건도 아닌데 까탈떠는것 같아 좀 죄송하지만 앞으로 이런 드림 기회가 지속될수 있도록 작은 관심과 이해를 구합니다. 좋은 주말 되시구요. 추가 ㅡ기회있을때마다  후원하던 아동쉼터가 어른들 잘못으로  폐원하게 되면서 못보내고 모아둔 물품이, 저희 회사에 나오는 중국아주머니께 드리고도 남아서 부득이하게  싱방에 올렸어요.누가 쓰던 나눔은 같은 의미이고 즐거움이니까요. 줄 많이 서주세요. 싱방 게시판에 거의 저와 연령차가 많이 나는 젊은 엄마들이라, 아이를 혼자 키운다는 것 이외엔 공감대를 찾기가 쉽지 않다보니 썰렁하게 이런 드림글만 올리게 되는 것 같아요.????
","'사회', '복지사', '는걸', '종료', '렵니', '박세일', '마트', '쿠폰', '홈쇼핑', '이용', '증정', '이상', '할인', '적용', '산', '것', '개', '저희', '가족', '하나', '차곡차곡', '모두', '최근', '구매', '안심', '가을', '은애', '앞', '생각', '아이디어', '회', '거듭', '요령', '생기', '오히려', '더', '소비', '어차피', '계획', '생활비', '지출', '내', '하나', '저희', '가계', '부담', '싱글맘', '가정', '요긴', '더없이', '내용물', '꽃담초', '섬유', '유연제', '정량', '개', '리큐', '베이', '킹', '소', '세탁', '세제', '개', '닥터', '브로', '스', '샤워', '비누', '개', '홈', '스타', '욕실', '청소', '용', '개', '려', '샴푸', '개', '치약', '개', '슈프', '리모', '커피믹스', '개', '수세미', '슈가버블', '주방', '세제', '성인', '칫솔', '습제', '통', '옷장', '용', '하마', '방충', '제', '세면', '장', '정도', '박스', '무언가', '더', '사진', '이전', '드림', '글', '참고', '가정', '모두', '택배', '비용', '호야', '둘', '싱방', '드림', '룰', '적용', '값', '물건', '까탈', '좀', '앞', '드림', '기회', '지속', '관심', '이해', '구합', '니', '주말', '추가', '기회', '때', '후원', '아동', '터', '어른', '잘못', '폐', '물품', '저희', '회사', '중국', '아주머니', '남아', '부득이', '싱방', '누가', '나눔', '의미', '즐거움', '요', '줄', '싱방', '게시판', '거의', '저', '연령', '나', '엄마', '아이', '혼자', '것', '이외', '공감', '찾기', '드림', '글', '것'","'삭제된 댓글입니다.', '싱글맘&싱글대디 드림입니다.글쓰신분이 싱방 룰 적용한다고 하셨네요.', '싱글방이잖아요...아시면서 왜 줄서시는지... 이해가 안가네요.', '글 한마디 한마디가 정말 따뜻함이 느껴지네요~그 따뜻한 마음처럼꼭 좋은 분께 전달 되시길 응원합니다.', '드림응원해요^^', '멋진 드림이네요~! 꼭 성사되길요^^', '삭제된 댓글입니다.', '룰드림입니다 해당안되세요', '멋지세요 글만으로도 따뜻함이! 응원합니다~~^^'",네이버 카페
104,리큐,2015.03.28. 13:52,아기냄새 베이비파우더향 나는 아기세제  추천해 주세요~,"
					
					
					
					
					

					
					
					
					
					
					
					
					
					
					
					
						
						아기껀 무향으로 일단 에티튜드 주문했는데 향기나는걸로 제옷이나 이것저것 빨겸 하나 사려구요~마이비 에코내추럴 아기냄새 난다고 해서 샀더니제가 너무 싫어하는 리큐  냄새랑 똑같더라구요~세제나 유연제 추천부탁드려요~?
","'아기', '껀', '무향', '일단', '에티튜드', '주문', '향기', '는걸', '옷', '것', '것', '빨겸', '하나', '마이비', '에코', '내추럴', '아기', '냄새', '제', '리큐', '냄새', '세제', '유연제', '추천'","'베비언스 세제랑 유연제요~~은은한 베이비파우더향이예요^_^', '마트에도 파나요?오늘 사려구요~', '마트에 팔아요~근데 롯데마트말곤 파는거 못봤어요', '아 감사해요~', '마마앤부도 베이비파우더향 있어요~ 저는 마마앤부사용하는데괜찮아요~^_^', '마마앤부는 인터넷으로만 살 수 있는거죠?', '늘 인터넷으로만 사봐서 모르겠네요 ㅠㅠ 죄송해용', '베베멘토꺼도 베파향 나요~~ 좋더라구요ㅎㅎ'",네이버 카페
105,리큐,2015.03.24. 18:35,"(연수동 대동)(드림) 리큐3리터 2개, 비앤비 유연제리필 2개","
					
					
					
					
					

					
					
					
					
					
					
					
					
					
					
					
						
						택배도가능하나요???
",'택배',,네이버 카페
106,리큐,2015.03.24. 18:19,"(연수동 대동)(드림) 리큐3리터 2개, 비앤비 유연제리필 2개","
					
					
					
					
					

					
					
					
					
					
					
					
					
					
					
					
						
						쓰던 세제류를 바꿨어요전에 쓰던거 드림해요???
","'류', '요전', '드림'","'줄서봅니당^^ 연수동 자주가용~', '우성아파트라 언제든지 갈수 있는데 저두 줄서봐요~~', '아들이 급 응급실 다녀오느라 줄만 길게 만들었네요~~~가까운 분께 드릴께요 ^^쪽지 확인해주세요', '택배로피죤 받고싶어용'",네이버 카페
107,리큐,2015.03.22. 19:25,어른세제 뭐쓰시나요? 쓰던 제품 수입(퍼실골드플러스)이 안되어서요..ㅠㅠ,"
?★수다방 이용수칙~! 꼭 확인해주세요^^★ 1) 카페이용 전 반드시 카페규정 http://cafe.naver.com/imsanbu/13264822 읽어주세요.(게시물의 이동,삭제,강퇴에 대한 내용 꼭 확인하셔서, 규정위반으로 인한 카페활동제약 등 불편함이 없으시길 바랍니다.)2) 광고·홍보글/이벤트 스크랩/보험가입사은품 낚시글 등은 게시불가합니다.? 3) 판매,대여,양도,부동산거래 등 금전이 오가는 거래/공구모집/구함글(판매,대여,구인구직,영업사원·홈스쿨선생·베이비시터·가사 도우미 등) 등은 게시불가합니다. 4) 후기글은 해당 후기게시판으로, 의료분쟁 관련 등?지역사회 분쟁글은 이슈게시판으로 각 이동되고, 과도한 논쟁글(욕설과 비하 등)은 삭제됩니다. 5) 수다방 성격에 맞지않는 이탈글은 이동 또는 삭제됩니다. (예: 임신을기다리는맘들수다방->임테기 두줄사진 등 임신확인문의글, 싱글방->이혼문의글, 외동아방->둘째찬반논쟁글, 예비신부의 임신얘기->낙태고민글, 박람회관련 질문과 후기글등은 박람회게시판으로?이동)?6) 임산부 회원이 많은 카페입니다. 보는?이에 따라?불쾌감을 줄 수도 있는 사진은 특별히 자제바라며, 부득이?올려야 하는 경우에는?제목에 경고문구 및 매너사진으로 올려주세요. 많은 협조 바랍니다. ^^???????????????????이제까지?헹켈 독일 직수입 퍼실 골드플러스 썼는데? 구매해놓은거 다 쓰고 ?주문할라고 하니 어떤 이유인지는 모르지만 이제 수입이 안되나봐요..안팔더라구요..?ㅠㅠ?정착 잘 해서 쓰고있는데 또 다른걸로 정착해야 하니 머리좀 아프네요..?김남주 퍼실은 예전에써봤는데 때로 잘 안빠지고 냄새도 넘 독하고 리큐는 세제성능이 그닥이더라구요..?쓰시는 제품중에 때 잘빠지고 향 독하지 않은? 제품 있으면 추천좀 부탁드려요..????????????????
","'이용수', '칙', '꼭', '확인', '카페', '이용', '전', '반드시', '카페', '규정', '게시', '물의', '이동', '삭제', '강퇴', '대한', '내용', '꼭', '확인', '규정', '위반', '카페', '활동', '제약', '등', '광고', '홍보', '글', '이벤트', '스크랩', '보험', '가입', '사은', '품', '낚시글', '등', '게시', '판매', '대여', '양도', '부동산', '거래', '등', '금전', '거래', '공구', '모집', '구함', '글', '판매', '대여', '구인', '구직', '영업', '사원', '홈', '스쿨', '선생', '베이비', '터', '가사', '도우미', '등', '등', '게시', '후기', '글', '해당', '후기', '게시판', '의료', '분쟁', '관련', '등', '지역', '사회', '분쟁', '글', '이슈', '게시판', '각', '이동', '과도', '논쟁', '글', '욕설', '등', '은', '삭제', '다방', '성격', '이탈', '글', '이동', '삭제', '예', '임신', '맘', '다방', '줄', '사진', '등', '임신', '확인', '문의', '글', '싱글', '방', '이혼', '문의', '글', '외동', '방', '찬', '논쟁', '글', '예비신부', '임신', '얘기', '낙태', '고민', '글', '박람회', '관련', '질문', '후기', '글등', '박람회', '게시판', '이동', '임산부', '회원', '카페', '이', '불쾌감', '줄', '수도', '사진', '자제', '부득이', '경우', '제목', '경고', '문구', '및', '사진', '협조', '이제', '헹켈', '독일', '직수입', '퍼실', '골드', '플러스', '구매', '거', '하니', '이유', '이제', '수입', '정착', '또', '걸', '정착', '하니', '머리', '좀', '김남주', '퍼실', '예전', '때', '냄새', '리큐', '성능', '닥', '쓰시', '제품', '때', '향', '제품', '추천', '좀'",,네이버 카페
108,리큐,2015.03.04. 03:07,어른 세탁세제는 뭐 쓰시나요?,"
					
					
					
					
					

					
					
					
					
					
					
					
					
					
					
					
						
						아가옷이랑 따로 빨고 있구요아가세제로 통일해서 쓰다가어른옷중에 검은빨래나 양말 이런건 세탁력이 약해서요..성분 신경쓰여서 아무거나 못사겠구..성분 괜찮고 세탁력 헹굼력 좋은 세제 뭐 있나요?요즘 대세인듯 한퍼실이나 리큐이런거 성분 괜찮은가요?아가있는 집이라 신경쓰여요...어른 속옷은 산소표백제랑 베이킹소다로 빠는데요.넬리가 이거랑 다를바 없단 소리도 들어서넬리세제는 제외요!?
","'아가', '옷', '빨', '아가', '세제', '통일', '어른', '옷', '빨래', '양말', '세탁', '성분', '신경', '거나', '성분', '세탁', '헹굼력', '세제', '뭐', '요즘', '대세', '듯', '리큐', '성분', '아가', '집', '신경', '어른', '속옷', '산소', '표백제', '베이', '킹소', '로', '넬리', '거', '바', '소리', '넬리', '세제', '제외'","'퍼실  써요...애들 어릴때부터 같이 써도 이상 없네요..', '암웨이꺼여', '저도 퍼실만 쭉쓰는데 괜찬은거같아요~ 애기외출복도 퍼실로 빠는데 이상없네요'",네이버 카페
109,리큐,2015.02.04. 12:22,리큐 쓰시는 맘들요^^,"
퍼실 쓰다가 갈아 타보려는데요
퍼실은 섬유 유연제 안넣어도
그 자체에서 특유의 향이 은은하게 나잖아요
요즘 리큐도 가격대비 좋다고 추천 많이들
하시던데 리큐향은 어떤가요?
제가 향에 좀 예민해서요^^;;
답변 부탁 드립니다~
					
					
					
					
					
					
				","'퍼실', '타', '퍼실', '섬유', '유연제', '자체', '특유', '향', '요즘', '리큐', '가격', '대비', '추천', '리큐향', '가요', '제', '향', '좀', '답변', '부탁'","'퍼실보단 진하진 않지만 리큐도 괜찮아요~퍼실은 많이 비싸잖아요.글서 저도 퍼실쓰다가 리큐로 바꿨어요', '전 리큐쓰다가퍼실라벤더로갈아탄건데ㅜㅜ전갠적으로리큐비추요...덜빨리는기분이라고해야하나ㅜㅜ때가 덜지워져나오는것같더라구용', '리큐 유재석 광고때문에 한번 써봣는데 리큐는 세탁이 덜된느낌.. 퍼실이 젤 좋은거 같아여.', '다른분들도 비슷하시네뇨저도 이상하게 리큐는 때가 안빠지늠느낌이에요', '향이 많이 진하진 않아요. 많이 넣지 않아서 그런건지... 퍼실도 괜찮은가 보네요.. 한번 써봐야 겠어여.'",네이버 카페
110,리큐,2015.03.24. 18:35,"(연수동 대동)(드림) 리큐3리터 2개, 비앤비 유연제리필 2개","
					
					
					
					
					

					
					
					
					
					
					
					
					
					
					
					
						
						택배도가능하나요???
",'택배',,네이버 카페
111,리큐,2015.03.24. 18:19,"(연수동 대동)(드림) 리큐3리터 2개, 비앤비 유연제리필 2개","
					
					
					
					
					

					
					
					
					
					
					
					
					
					
					
					
						
						쓰던 세제류를 바꿨어요전에 쓰던거 드림해요???
","'류', '요전', '드림'","'줄서봅니당^^ 연수동 자주가용~', '우성아파트라 언제든지 갈수 있는데 저두 줄서봐요~~', '아들이 급 응급실 다녀오느라 줄만 길게 만들었네요~~~가까운 분께 드릴께요 ^^쪽지 확인해주세요', '택배로피죤 받고싶어용'",네이버 카페
112,리큐,2015.03.22. 19:25,어른세제 뭐쓰시나요? 쓰던 제품 수입(퍼실골드플러스)이 안되어서요..ㅠㅠ,"
?★수다방 이용수칙~! 꼭 확인해주세요^^★ 1) 카페이용 전 반드시 카페규정 http://cafe.naver.com/imsanbu/13264822 읽어주세요.(게시물의 이동,삭제,강퇴에 대한 내용 꼭 확인하셔서, 규정위반으로 인한 카페활동제약 등 불편함이 없으시길 바랍니다.)2) 광고·홍보글/이벤트 스크랩/보험가입사은품 낚시글 등은 게시불가합니다.? 3) 판매,대여,양도,부동산거래 등 금전이 오가는 거래/공구모집/구함글(판매,대여,구인구직,영업사원·홈스쿨선생·베이비시터·가사 도우미 등) 등은 게시불가합니다. 4) 후기글은 해당 후기게시판으로, 의료분쟁 관련 등?지역사회 분쟁글은 이슈게시판으로 각 이동되고, 과도한 논쟁글(욕설과 비하 등)은 삭제됩니다. 5) 수다방 성격에 맞지않는 이탈글은 이동 또는 삭제됩니다. (예: 임신을기다리는맘들수다방->임테기 두줄사진 등 임신확인문의글, 싱글방->이혼문의글, 외동아방->둘째찬반논쟁글, 예비신부의 임신얘기->낙태고민글, 박람회관련 질문과 후기글등은 박람회게시판으로?이동)?6) 임산부 회원이 많은 카페입니다. 보는?이에 따라?불쾌감을 줄 수도 있는 사진은 특별히 자제바라며, 부득이?올려야 하는 경우에는?제목에 경고문구 및 매너사진으로 올려주세요. 많은 협조 바랍니다. ^^???????????????????이제까지?헹켈 독일 직수입 퍼실 골드플러스 썼는데? 구매해놓은거 다 쓰고 ?주문할라고 하니 어떤 이유인지는 모르지만 이제 수입이 안되나봐요..안팔더라구요..?ㅠㅠ?정착 잘 해서 쓰고있는데 또 다른걸로 정착해야 하니 머리좀 아프네요..?김남주 퍼실은 예전에써봤는데 때로 잘 안빠지고 냄새도 넘 독하고 리큐는 세제성능이 그닥이더라구요..?쓰시는 제품중에 때 잘빠지고 향 독하지 않은? 제품 있으면 추천좀 부탁드려요..????????????????
","'이용수', '칙', '꼭', '확인', '카페', '이용', '전', '반드시', '카페', '규정', '게시', '물의', '이동', '삭제', '강퇴', '대한', '내용', '꼭', '확인', '규정', '위반', '카페', '활동', '제약', '등', '광고', '홍보', '글', '이벤트', '스크랩', '보험', '가입', '사은', '품', '낚시글', '등', '게시', '판매', '대여', '양도', '부동산', '거래', '등', '금전', '거래', '공구', '모집', '구함', '글', '판매', '대여', '구인', '구직', '영업', '사원', '홈', '스쿨', '선생', '베이비', '터', '가사', '도우미', '등', '등', '게시', '후기', '글', '해당', '후기', '게시판', '의료', '분쟁', '관련', '등', '지역', '사회', '분쟁', '글', '이슈', '게시판', '각', '이동', '과도', '논쟁', '글', '욕설', '등', '은', '삭제', '다방', '성격', '이탈', '글', '이동', '삭제', '예', '임신', '맘', '다방', '줄', '사진', '등', '임신', '확인', '문의', '글', '싱글', '방', '이혼', '문의', '글', '외동', '방', '찬', '논쟁', '글', '예비신부', '임신', '얘기', '낙태', '고민', '글', '박람회', '관련', '질문', '후기', '글등', '박람회', '게시판', '이동', '임산부', '회원', '카페', '이', '불쾌감', '줄', '수도', '사진', '자제', '부득이', '경우', '제목', '경고', '문구', '및', '사진', '협조', '이제', '헹켈', '독일', '직수입', '퍼실', '골드', '플러스', '구매', '거', '하니', '이유', '이제', '수입', '정착', '또', '걸', '정착', '하니', '머리', '좀', '김남주', '퍼실', '예전', '때', '냄새', '리큐', '성능', '닥', '쓰시', '제품', '때', '향', '제품', '추천', '좀'",,네이버 카페
113,리큐,2015.03.04. 03:07,어른 세탁세제는 뭐 쓰시나요?,"
					
					
					
					
					

					
					
					
					
					
					
					
					
					
					
					
						
						아가옷이랑 따로 빨고 있구요아가세제로 통일해서 쓰다가어른옷중에 검은빨래나 양말 이런건 세탁력이 약해서요..성분 신경쓰여서 아무거나 못사겠구..성분 괜찮고 세탁력 헹굼력 좋은 세제 뭐 있나요?요즘 대세인듯 한퍼실이나 리큐이런거 성분 괜찮은가요?아가있는 집이라 신경쓰여요...어른 속옷은 산소표백제랑 베이킹소다로 빠는데요.넬리가 이거랑 다를바 없단 소리도 들어서넬리세제는 제외요!?
","'아가', '옷', '빨', '아가', '세제', '통일', '어른', '옷', '빨래', '양말', '세탁', '성분', '신경', '거나', '성분', '세탁', '헹굼력', '세제', '뭐', '요즘', '대세', '듯', '리큐', '성분', '아가', '집', '신경', '어른', '속옷', '산소', '표백제', '베이', '킹소', '로', '넬리', '거', '바', '소리', '넬리', '세제', '제외'","'퍼실  써요...애들 어릴때부터 같이 써도 이상 없네요..', '암웨이꺼여', '저도 퍼실만 쭉쓰는데 괜찬은거같아요~ 애기외출복도 퍼실로 빠는데 이상없네요'",네이버 카페
114,리큐,2015.02.04. 12:22,리큐 쓰시는 맘들요^^,"
퍼실 쓰다가 갈아 타보려는데요
퍼실은 섬유 유연제 안넣어도
그 자체에서 특유의 향이 은은하게 나잖아요
요즘 리큐도 가격대비 좋다고 추천 많이들
하시던데 리큐향은 어떤가요?
제가 향에 좀 예민해서요^^;;
답변 부탁 드립니다~
					
					
					
					
					
					
				","'퍼실', '타', '퍼실', '섬유', '유연제', '자체', '특유', '향', '요즘', '리큐', '가격', '대비', '추천', '리큐향', '가요', '제', '향', '좀', '답변', '부탁'","'퍼실보단 진하진 않지만 리큐도 괜찮아요~퍼실은 많이 비싸잖아요.글서 저도 퍼실쓰다가 리큐로 바꿨어요', '전 리큐쓰다가퍼실라벤더로갈아탄건데ㅜㅜ전갠적으로리큐비추요...덜빨리는기분이라고해야하나ㅜㅜ때가 덜지워져나오는것같더라구용', '리큐 유재석 광고때문에 한번 써봣는데 리큐는 세탁이 덜된느낌.. 퍼실이 젤 좋은거 같아여.', '다른분들도 비슷하시네뇨저도 이상하게 리큐는 때가 안빠지늠느낌이에요', '향이 많이 진하진 않아요. 많이 넣지 않아서 그런건지... 퍼실도 괜찮은가 보네요.. 한번 써봐야 겠어여.'",네이버 카페
115,리큐,2015.03.24. 18:35,"(연수동 대동)(드림) 리큐3리터 2개, 비앤비 유연제리필 2개","
					
					
					
					
					

					
					
					
					
					
					
					
					
					
					
					
						
						택배도가능하나요???
",'택배',,네이버 카페
116,리큐,2015.03.24. 18:19,"(연수동 대동)(드림) 리큐3리터 2개, 비앤비 유연제리필 2개","
					
					
					
					
					

					
					
					
					
					
					
					
					
					
					
					
						
						쓰던 세제류를 바꿨어요전에 쓰던거 드림해요???
","'류', '요전', '드림'","'줄서봅니당^^ 연수동 자주가용~', '우성아파트라 언제든지 갈수 있는데 저두 줄서봐요~~', '아들이 급 응급실 다녀오느라 줄만 길게 만들었네요~~~가까운 분께 드릴께요 ^^쪽지 확인해주세요', '택배로피죤 받고싶어용'",네이버 카페
117,리큐,2015.03.22. 19:25,어른세제 뭐쓰시나요? 쓰던 제품 수입(퍼실골드플러스)이 안되어서요..ㅠㅠ,"
?★수다방 이용수칙~! 꼭 확인해주세요^^★ 1) 카페이용 전 반드시 카페규정 http://cafe.naver.com/imsanbu/13264822 읽어주세요.(게시물의 이동,삭제,강퇴에 대한 내용 꼭 확인하셔서, 규정위반으로 인한 카페활동제약 등 불편함이 없으시길 바랍니다.)2) 광고·홍보글/이벤트 스크랩/보험가입사은품 낚시글 등은 게시불가합니다.? 3) 판매,대여,양도,부동산거래 등 금전이 오가는 거래/공구모집/구함글(판매,대여,구인구직,영업사원·홈스쿨선생·베이비시터·가사 도우미 등) 등은 게시불가합니다. 4) 후기글은 해당 후기게시판으로, 의료분쟁 관련 등?지역사회 분쟁글은 이슈게시판으로 각 이동되고, 과도한 논쟁글(욕설과 비하 등)은 삭제됩니다. 5) 수다방 성격에 맞지않는 이탈글은 이동 또는 삭제됩니다. (예: 임신을기다리는맘들수다방->임테기 두줄사진 등 임신확인문의글, 싱글방->이혼문의글, 외동아방->둘째찬반논쟁글, 예비신부의 임신얘기->낙태고민글, 박람회관련 질문과 후기글등은 박람회게시판으로?이동)?6) 임산부 회원이 많은 카페입니다. 보는?이에 따라?불쾌감을 줄 수도 있는 사진은 특별히 자제바라며, 부득이?올려야 하는 경우에는?제목에 경고문구 및 매너사진으로 올려주세요. 많은 협조 바랍니다. ^^???????????????????이제까지?헹켈 독일 직수입 퍼실 골드플러스 썼는데? 구매해놓은거 다 쓰고 ?주문할라고 하니 어떤 이유인지는 모르지만 이제 수입이 안되나봐요..안팔더라구요..?ㅠㅠ?정착 잘 해서 쓰고있는데 또 다른걸로 정착해야 하니 머리좀 아프네요..?김남주 퍼실은 예전에써봤는데 때로 잘 안빠지고 냄새도 넘 독하고 리큐는 세제성능이 그닥이더라구요..?쓰시는 제품중에 때 잘빠지고 향 독하지 않은? 제품 있으면 추천좀 부탁드려요..????????????????
","'이용수', '칙', '꼭', '확인', '카페', '이용', '전', '반드시', '카페', '규정', '게시', '물의', '이동', '삭제', '강퇴', '대한', '내용', '꼭', '확인', '규정', '위반', '카페', '활동', '제약', '등', '광고', '홍보', '글', '이벤트', '스크랩', '보험', '가입', '사은', '품', '낚시글', '등', '게시', '판매', '대여', '양도', '부동산', '거래', '등', '금전', '거래', '공구', '모집', '구함', '글', '판매', '대여', '구인', '구직', '영업', '사원', '홈', '스쿨', '선생', '베이비', '터', '가사', '도우미', '등', '등', '게시', '후기', '글', '해당', '후기', '게시판', '의료', '분쟁', '관련', '등', '지역', '사회', '분쟁', '글', '이슈', '게시판', '각', '이동', '과도', '논쟁', '글', '욕설', '등', '은', '삭제', '다방', '성격', '이탈', '글', '이동', '삭제', '예', '임신', '맘', '다방', '줄', '사진', '등', '임신', '확인', '문의', '글', '싱글', '방', '이혼', '문의', '글', '외동', '방', '찬', '논쟁', '글', '예비신부', '임신', '얘기', '낙태', '고민', '글', '박람회', '관련', '질문', '후기', '글등', '박람회', '게시판', '이동', '임산부', '회원', '카페', '이', '불쾌감', '줄', '수도', '사진', '자제', '부득이', '경우', '제목', '경고', '문구', '및', '사진', '협조', '이제', '헹켈', '독일', '직수입', '퍼실', '골드', '플러스', '구매', '거', '하니', '이유', '이제', '수입', '정착', '또', '걸', '정착', '하니', '머리', '좀', '김남주', '퍼실', '예전', '때', '냄새', '리큐', '성능', '닥', '쓰시', '제품', '때', '향', '제품', '추천', '좀'",,네이버 카페
118,리큐,2015.03.04. 03:07,어른 세탁세제는 뭐 쓰시나요?,"
					
					
					
					
					

					
					
					
					
					
					
					
					
					
					
					
						
						아가옷이랑 따로 빨고 있구요아가세제로 통일해서 쓰다가어른옷중에 검은빨래나 양말 이런건 세탁력이 약해서요..성분 신경쓰여서 아무거나 못사겠구..성분 괜찮고 세탁력 헹굼력 좋은 세제 뭐 있나요?요즘 대세인듯 한퍼실이나 리큐이런거 성분 괜찮은가요?아가있는 집이라 신경쓰여요...어른 속옷은 산소표백제랑 베이킹소다로 빠는데요.넬리가 이거랑 다를바 없단 소리도 들어서넬리세제는 제외요!?
","'아가', '옷', '빨', '아가', '세제', '통일', '어른', '옷', '빨래', '양말', '세탁', '성분', '신경', '거나', '성분', '세탁', '헹굼력', '세제', '뭐', '요즘', '대세', '듯', '리큐', '성분', '아가', '집', '신경', '어른', '속옷', '산소', '표백제', '베이', '킹소', '로', '넬리', '거', '바', '소리', '넬리', '세제', '제외'","'퍼실  써요...애들 어릴때부터 같이 써도 이상 없네요..', '암웨이꺼여', '저도 퍼실만 쭉쓰는데 괜찬은거같아요~ 애기외출복도 퍼실로 빠는데 이상없네요'",네이버 카페
119,리큐,2015.02.04. 12:22,리큐 쓰시는 맘들요^^,"
퍼실 쓰다가 갈아 타보려는데요
퍼실은 섬유 유연제 안넣어도
그 자체에서 특유의 향이 은은하게 나잖아요
요즘 리큐도 가격대비 좋다고 추천 많이들
하시던데 리큐향은 어떤가요?
제가 향에 좀 예민해서요^^;;
답변 부탁 드립니다~
					
					
					
					
					
					
				","'퍼실', '타', '퍼실', '섬유', '유연제', '자체', '특유', '향', '요즘', '리큐', '가격', '대비', '추천', '리큐향', '가요', '제', '향', '좀', '답변', '부탁'","'퍼실보단 진하진 않지만 리큐도 괜찮아요~퍼실은 많이 비싸잖아요.글서 저도 퍼실쓰다가 리큐로 바꿨어요', '전 리큐쓰다가퍼실라벤더로갈아탄건데ㅜㅜ전갠적으로리큐비추요...덜빨리는기분이라고해야하나ㅜㅜ때가 덜지워져나오는것같더라구용', '리큐 유재석 광고때문에 한번 써봣는데 리큐는 세탁이 덜된느낌.. 퍼실이 젤 좋은거 같아여.', '다른분들도 비슷하시네뇨저도 이상하게 리큐는 때가 안빠지늠느낌이에요', '향이 많이 진하진 않아요. 많이 넣지 않아서 그런건지... 퍼실도 괜찮은가 보네요.. 한번 써봐야 겠어여.'",네이버 카페
