,0
0,이것저것 많이 써봤는데요가성비좋고 향도 맘에 들어서 이번에 정착했답니다건조기 사용하면 향기날아가는 경우도 많은데 이 아이는 소량사용해도 빨래가 부들부들하고 향기도 은은하게 솔솔나요다섯식구 애들두 크고 빨래양도 많다보니 세제사용량도 꽤 많은데요오랫동안 잘 쓸 수 있을 것 같아서 마음이 든든합니다
1,통이 조금더 싸긴 한데 리필형이 보관은 자리 차지 많지 않게 편하고 버릴때도 좋아서 무엇보다 향이 좋아요 세탁후 전 늘 샤프란 써요 다른 향들보다 보라색이 젤 나은것 같고요 다우니 받은거 써봤는데 향이 강해서 머리가 지끈 내겐 샤프란이 좋네요갠적으론 티슈형 샤프란이 좀 더 좋긴 하지만요ㅋㅋㅋ
2,다른 브랜드제품을 사용하다가 김희선씨가 샤프란을 광고하길래함 주문해봤다섬유유연제의 선택기준은 정전기랑 향에 중점을 두고 있어서딱히 제품을 정해두고 사용하지는 않는데샤프란은 처음 사용해보는거 같다한번 사용해봤는데 정전기발생은 아직 세탁한 옷을 입어보지않아서 뭐라 말할 수 없는데 향은 진하지도 과하지도 않고 세탁후에도은은하게 남아있어 일단 좋다
3,향기가 너무 좋아서 몇번째 구매하는지 모르겠어요
4,진작 시어버터 쓸걸 샤프란만 사용하는데시어버터는 처음이에요다른 샤프란 보다 훨씬 부드러워집니다 추천
5,늘 쓰던게 로켓배송에 없어 새로운 향으로 주문해보았어요향이 은은한건 아닌데 저는 오히려 나은 것 같아요마르면서 서서히 사라지긴 하는데 그래도 적당히 향기로워요여름이라 빨래에서 꿉꿉한 냄새 나는 것보단 낫더라구요재구매 의사도 있습니다
6,은은한 향이 좋아서 지속적으로 재주문하면서 쓰고있어요 배송도 넘 빠르고요믿을 수 있는 제품이예요
7,항상 주문시키던 샤프란 다른 상품이 매진이라 구매해봤어요 엄마가 생활용품 떨어질 때면 쿠팡에서 주문시키라고 하네요 ! 갯수에 비해 저렴한 가격에 빠른 배송에 만족해하셔서 몇 년 내내 꾸준히 이용 중입니다
8,뽀송뽀송 완벽 배송감사합니다이 향기 좋아요지속적으로 사용할 예정
9,통으로 된거 계속 쓰다가 리필형이 사용하기 편할거 같아서이번에 바꿔봤는데 이상해요ㅠ아무리 들이부어도 향이 약해요ㅠ물 탄건지 짝퉁인지 내꺼만 이런건지 속상하네요ㅠ12개나 주문했는데 다음에는 다시 통으로 된거 사야겠어요
10,다우니쓰다가 한번 바꿔봤는데 세탁후 향기가 약해서 좀 아쉽네요 더 진했으면계속쓸텐데 다쓰면 다우니로 다시구매하든지 다른제품 모험 해봐야겠어요솔직후기에 도움되시길 바라면서
11,생각보다 향이 좋네요다우 3년넘게쓰다 유연제가 떨어져서집앞마트에서 샤프란 하나 샀는데요집앞보다도 저렴해서 여기서 묶음으로 샀네요향도좋고 다른유연제보다 인조향이 덜 한것같아요유연제 이름은 거창한데 가격도 가끔 물비린내같거나 너무독하거나 했는데이건 계속 은은해요참 신기하게 샤프란쓰고나서부터 특유의 빨래꾼내?가 없어졌어요진짜신기해요 ㅋㅋ 계속 쓸거에요
12,이전까지 잘 알려지지 않은 저렴한 브랜드 제품을 사용했었는데장마철에는 빨래냄세도 많이 나고 향도 약해서 역시 싼건 다 이유가 있구나란 생각으로 샤프란으로 구매하게 되었습니다피죤보다는 LG가 믿음도 많이가고 어머니도 쓰시는 제품이라 믿고 쓰네요
13,다우니 제품 쓰다가 똑 떨어져서 이번에 바꾸었는데다우니는 고농축이라 조금만써도향이 진했음샤프란 오늘 다우니랑 비슷하게 넣었는데향이 약하네요좀더 많이 넣어야 할거 같네요향은 괜찮네요
14,주문후 담날 바로 빠른배송늘쓰던거라 저렴하게 잘구입한것같아요향도은은하게 오래지속되고 집안에 항상 향기로운냄새로 지낼수 있어요울아덜 칭구들이 너한텐 좋은냄새난다고 한다고하네요
15,기존에 릴렉싱 아로마 사용 하다가 시아버터가 나와서 얼마전 구매해서현재 사용중인데 향도 넘 좋고 가격도 괜찮네요은은하니 딱 원하던 향 입니다다 사용하면 재구매의사 있어요
16,이 제춤 향기가 제 취향에 가장 잘 맞는것 같아요 빨래 널어놓으면 그곳 주위로 향이 솨아계속 그 근처에 머무르고싶을 정도입니다 ㅎㅎ 근데 향이 그닥 오래가진 않아요
17,항상 쓰는거에요시어버터로 리뉴얼되면서 더 향이 진하고 깊어진거같아요빨래하고 잔향이 오래가서 이거만 쓰게되었는데다른거 써볼까 하다가도 이거로 다시 돌아오게되요
18,샤프란 롱 리스트 릴랙싱 향이 너무 좋아서 벌써 여러번 구매해서 사용합니다 빨래가 건조후에도 부드러운 향이 남아있어서 너무 좋아요 다 써고 또 구매 해야겠어요
19,받은지좀됐는데이제남겨요 ㅎㅎ배송도빠르고신랑이한번사온후로향이좋아서쿠팡에서구매했어여 ㅎㅎ역시나향이좋아서기분도좋아지더라구요 ㅎㅎ
20,은운하고 향이 진하지 않아 계속 재구매해서사용하고 있어요빨래감이 마르고 난 뒤에 향이 은은하게퍼지더라고요 계속 재구매하려고요
21,저렴해서 좋네요 딴 향을 쓰다가 이걸로 바꿔봤는데 딸램은 좋다는데 전 익숙한 향이 아니라서 인지ㅠ 근데 은근한게 아로마향 느낌나네요
22,믿고 씁니다ㅎㅎ향기가 너무 좋고오래오래 남아요ㅎㅎㅎ가격도 저렴해서 집에다가쟁겨놓고 쓰고 있어요ㅎㅎㅎ재구매하겠습니다ㅎ
23,늘쓰는거라 좋은건당연하고요배송겁나빠르고 다른거같이구매해서 쿠폰으로 더저렴하게구매했네요한동안은 걱정없이쓰겠네요ㅎ
24,어제 받자마자 세탁기 돌렸습니다후기 대부분처럼 정말 향이 좋습니다빨래건조후에도 향이 오래가는지 확인들어갑니다
25,다우니쓰다가 오랜만에 샤프란써보는데 향이역시좋네요ㅎㅎ다우니보단 향이금방날아가는것같지만ㅜㅜ가격대비만족해요
26,향그리진하지않아 정확한 향 모르겠구요정전기를 못잡아주는것같아 아쉽네요나만 그런 느낌적인 느낌???!!
27,이 제품을 사용한지 벌써 3년이 넘었구요처음향기와 입었을때 끝까지 풍기는 향기가 은은하고 부담이 없어서 계속 사용
28,이것 저것 다써보고 다우니고농축 여러개 써 봤는데요 그래도 이게 젤로 났더라구요 갠적인 의견일수 있지만요
29,이것만큼 기분 좋아지고 편안해지는 향기 없음! 양을 좀 많이 써서 자주 재구매 해야하지만 그래도 최애탬 입니다!
30,전부터 계속 쓰고 있구요 역시 향이 좋습니다 잔향도 너무 포근한 느낌??아무튼 강추하는 섬유유연제에요
31,항상주문해서 쓰고있지만 향도좋고향이오래가서도좋고 주위사람들한테추천해주고싶은 제품이랍니다
32,적당향향과은은한향이머리도아프지않고좋아용건조시에는향이거의날아가서 아쉽네요
33,처음에는 냄새 좋았는데 조금 오래되니 냄새 안 좋아요ㅠㅠ 빨리 쓸 수 있으면 추천드립니다 싸고 좋아요
34,샤프란 시어버터 섬유유연제 릴렉싱 아로마 리필 21L 6개입샤프란 시어버터 섬유유연제
35,샤프란 으로 저희집 섬유유연제는 최고 입니다 가격도 착하고 향도 좋고요 적극 추전합니다
36,배송 만족샤프란향은 언제나 좋은것 같아요오래 지속되지는 않지만세탁기에서 꺼낼때 좋음
37,아로마 향이 좋고 잔향이 자연스러워서 더 맘에 들어요 너무 향이 강해도 거부감이 있잖아요
38,향도 좋구 꽤 오래 가는 것 같아용!!특히 가격대비 양이 많아서 더 좋아요 ㅎㅎ감사합니다
39,담에 또 재구매할께요향기도 괜찮구 좋아요번창하세요담에 재구매갑
40,왜인지몰라이거 배송온이후로 나맨날 노래부름ㅋ라일락 꽃향기에서면
41,항상쓰는거 장보러다니면서 사면 팔끊어질거같아서 매번쿠팡이용 수고하십니다
42,아직 사용은 전이고 원래 아로마 향만 이용합니다항상 잘애용중 추천합니다
43,향이 제일 나은것 같아요 순하고 믿고 쓸 수 있는거 같아서 또 구매했네요
44,빨래해서 널어놨는데 온 집안에 향기가 가득합니당향기 너무 좋아요
45,아직 써보지는 않았지만 평보고 구매합니다사용후 더 정확히 평써볼게요
46,가격대비 만족하고 다량구입하여 독립한 아들도 주고 잘 사용하고있답니다
47,항상 이제품을 구매합니다향과 품질이 좋은 제품을 구매할 수있어서 좋아요
48,늘 쓰던 샤프란가격도 대박이고 배송까지진짜 마트가서 안사길 잘했어요
49,평소에 쓰던 제품이예요향도좋고 가격도 좋은것 같아 여러개 구입했어요
50,다른제품보다 향이 좋아서 이것만 쓰게되네요또 주문하러 올께요
51,향이 은은하고 옷감이 부드러워서 좋은데향이 빨리 없어져요 ㅠㅠ
52,지난번에 구입하고 다시 구입하네요 향이 오래가서 좋아요
53,향도 좋고 세탁후에 옷감감촉이 너무좋아서 계속 사용하게 되네요
54,은은한 향기 넘 좋고 싸고 완전 만족 입니다 다음에 또 구매하려고요
55,고농축이아니라 그런지 냄새가 오래가지 않아요 ㅠ 많이 넣어도 ㅠ
56,저희집은 항상 이 제품만 씁니다! 너무 너무 좋아요감사합니다
57,항상 이용하는 제품 향도 너무 진하지 않고 은은해서 좋아요
58,자주쓰는 상품이고 포장 달라졌는데 기존에 쓰던거랑 똑같네요!
59,가격저렴하게 구매했어요 이상품을 쓰기에 담에 또 주문할겁니다
60,향기가좋아요 애들도 넘좋아하네평소에쓰던거랑 같아서요
61,아직 잘 모르겠어요전에 쓰던 제품에 포커스를 두다보니
62,향이 옷 세탁하기 바쁘게 없어져요 아주 미세한 정도로 향이 나요
63,잘받았어요 저렴하게구매 했어요번창하세요
64,빠른배송 좋고 마트에서 사는거랑 차이 없고 싸고 좋습니다
65,매번 쓰던거라 쓰고 있어요배송도 빠르고 좋네요
66,한개사는거보다 여러개 한꺼번에 사서 좋고 가격도 저렴해용
67,매번 구입해서 쓰는 섬유유연제입니다 가성비 너무 좋아요
68,항상쓰던 제품이라 애용하고있어요향도 좋아요
69,늘 쓰던제품 인데요 농도가 갈수록 엷은것같은건 뭘까요?
70,향이 질리지않고 오래가네요기존것 다 쓰고 재구매했어요
71,향이 정말 좋아요 섬유유연제는 꼭 이 제품을 쓴답니다
72,세번째구매예요향도좋구 가격도착하구 너무좋아요
73,향은 오래가지는 않지만 빨래건조후 진짜 부드러워요
74,상품 좋아요!! 가격이 좀더 착해지면 좋겠어요ㅜㅜ
75,냄새도 좋고 늘쓰던 제품이라 믿고 주문하고 있답니다
76,향이너무 좋아서 다음에도 꼭 이거 쓸랍니다
77,항상 이용하는제품입니다 가격도 제품도 GOOD!
78,향기가 너무 연한건지빨리 사라지네요
79,이렇게 대용량으로 사서 쓰니 편리하고 가격도좋고
80,아직사용전인데 향이우선진하고 좋은것같습니다
81,조아요 ㅎ 막들이 붓는 스타일인데도 오래썼어요 ㅎ
82,항상 쓰는 제품이에요향기가 좋아 계속 쓰고 있어요
83,내용물도 많고 향기도 좋아요 더 써봐야 알것같아요
84,늘쓰던제품9박스구매맘에쏙들어요
85,향이 좋다는 평들이 많아서 믿고 사용해보겠습니다
86,향기가 좋으네요
87,좋아요
88,나쁘지않음
89,샤프한 향기좋고 가격대비잘 구매한거 같아요
90,좋어요 항상쓰고있어료
91,1년쓸듯
92,좋더라고요
93,향이 강하거나 오래 남지는 않는거 같아요
94,좋아요
95,향기가 좋아서 자주 구매합니다
96,괜찮아요
97,역시 샤프란 향 좋아용ㅎㅎ
98,좋아요
99,향이 좋아요
100,좋아요
101,향은 생각보다 약한데 쓰기는 좋아요
102,완전좋아요
103,싸게 잘산듯ㅎ
104,항상쓰고있어서 좋아요 저렴하게 잘샀네요
105,향이오래가서좋아요
106,섬유유연제중에 가성비 좋구요ㅋ배송도빨라요
107,제가 좋아하는 향이라 잘쓰고 있어요
108,늘 쓰는 제품 입니다좋아요
109,좋은거 집에 앉아서 받을 수 있어 좋네요
110,가성비갑
111,피죤만쓰다 써봤는데 거기서 거기인듯
112,아직써보진 않았지만 향기가 넘칠듯하네여
113,향이 좋아요
114,향이 은은해서 좋아요 재구매 의향 있어요
115,저렴하게 좋은상품 구매한거 같아서 좋네요
116,향은 좋은데 지속시간이 짧아 아쉽네요
117,향도 좋고 좋아요잘쓰고 있어요
118,향 좋아요!!
119,좋습니다 늘 쓰는 상품
120,좋아요
121,늘 쓰던거라 다른향은 아직은 별로라서요
122,저렴하게 잘 구매했어요 배송 감사합니다
123,싸게 구매 잘한것같아요
124,좋아요
125,쓸만해요
126,냄새 좋고 양도 넉넉 담에 또 구입 할껍니다
127,향이은은해사 계속 재구매하고 있어요
128,조항욤ㅎㅎ
129,향이좋아용
130,좋아요
131,향은 그냥은은한편이에요
132,생각보다 향이 너무 없는듯요ㅡㅡ
133,향도 거슬리지 않아 좋아요
134,향이 너무 좋아서 계속 구매하고 있어요
135,좋다니까 아주좋아요
136,향기도 편하고 잘사용하고 있어요
137,늘 변함없는 상쾌한향이 자꾸 저를 유혹해요
138,좋습니다 마트보다 저렴해요
139,가격도 저렴하고 향도 좋고 득템했네요
140,저렴하게 잘 구매했어요
141,배송부터 흠잡을게 없어요
142,항상쓰던제품이예요
143,좋아요
144,최고에요
145,향이 너무 좋어요
146,향이넘좋아요
147,가격대비 만족이에요
148,항상쓰는거 마트보다 저렴히 잘 구입했습니다
149,아주좋아요
150,굿입니당
151,향이 궁금해서 구매해봤어요
152,좋습니다 늘 쓰던 상품이예요
153,좋아요우!!!!!
154,늘 쓰는제품 저렴하게 잘샀네요
155,늘 쓰는 제품입니다
156,아주 좋이요
157,좋아요 향도 좋고 배송도 빨라요
158,향기 좋아요
159,향이좋고저렴해요
160,굿
161,좋아요
162,자주쓰는샤프란입니다
163,좋은 가격에 잘 샀습니다감사합니다
164,향좋습니다
165,너무감사해용
166,향이 좋아요 오래가고
167,늘 쓰던거긴 하지만 좋아요
168,이전에 쓰던 향과 비슷합니다 좋네요
169,항상쓰던거예요
170,계속해서 사용하던 제품입니다 좋아요
171,향이좋아요
172,계속 주문해서 사용하고 있어요
173,향이 아예 없네요
174,싸게 잘샀어요
175,향이 좋아요ㅎ
176,줄곳흐는제품이라고민없이구매했읍니다
177,좋아요 아주
178,굿 향도굿 가격도굿
179,마트보다 싸서 좋아요
180,좋아요
181,아주 좋아요 굿
182,그냥 은은한 향기가 나는 제품 입니다
183,좋아요 ㅎㅎㅎ
184,향이 좋아서 자주 구매합니다
185,샤프란 믿고 씁니다
186,좋아용
187,가격대 구성도 좋고 향도 맘에 들어요
188,ywrhyrthhthhhdfh
189,향도좋고 향도오래가고 너무좋아요
190,저렴하고 가격대비 갯수도 많아 괜찮은듯요
191,향이 너무 좋네요ㅎㅎㅎ
192,저렴한데품질도좋아요자주시킬게요
193,향이 좋아요가성비 굿
194,마트보다 저렴해서 구입했어용향은 좋아용
195,향도 좋고 용량도 좋네요
196,향기가 오래 가는거 같아 좋아요
197,늘사용하던 제품이라 바로구매했습니다
198,저렴하고 향도 좋고 굳
199,향이좋아요
200,잘 쓰겠습니다
201,향이 좋아요
202,저렴하게 잘 구매했어요
203,냄새도 좋고 양도많아서 좋네요
204,계속 사용하는 제품입니다
205,전 이향만 씁니다ㅋㅋ착한가격 감사합니다 ㅋㅋ
206,가격대비 품질도 좋고망름에 속듭니다
207,향기가 오래지속되고 좋아요
208,항상 사용하지만 좋아요
209,옷에 향이 오래가요
210,향도 좋고 저렴해서 매번 구매합니다
211,잘 받았습니다 다음달에 또 주문할게요
212,좋네요
213,가벽과 포장은 좋았어요품질 또한 늘 쓰는거라서 좋구요헌데 배송은 늦었습니다주문을 지난ㅜ 금요일에 했는데오늘 점심때 받았읍니다배송 속도만 개선해 주시면 더 좋을듯 싶습니다
214,우리집 빨래를 책임지고있어요굿굿 너무좋아요 쿠팡은 항상 배송이 너무빨라서참 좋아요 ㅎㅎ!!! 특히 로켓배송 너무잘이용하는중에요
215,해당 제품이 오지 않고 해당 이미지와는 다른 제품이 배송되었습니다다음부터는 제품 확인 후 발송 바랍니다
216,항상 쓰는 제품이고요너무 아쉬운게 로켓배송 없어서그래도 배송이 아주 느린건 아니여서 꾸준히 쓰고있어요
217,매번 주문하는 제품입니다 향도 넘 좋고 저령하고 무거운데 집앞까지 배송해주고 너무 좋아요
218,향너무좋아요역시샤프란이 가성비갑 쿠팡맨님들 정말 감사합니다
219,릴렉싱아로마 주문했는데 시어버터가왔네요 교환하기 귀찮아서 그냥 씁니다
220,늘 사용하는 상품이구요배송빠르고 가격저렴해서자주 이용합니다
221,포장상태도 튼튼하고 배송은 역시나 빠르규 ㅎㅎㅎ 재구매 100
222,역시나 샤프란 배송도 빠르고 박스 포장도 찢어짐 없이 좋네요
223,향좋구요 지속적 빨래후남아있구 꼼꼼한배송에감사해요
224,배송빨랐구요! 향도좋고 양도많아 만족합니다!!
225,향이좋아 매달두번씩 로켓배송으로시키는 샤프란
226,가격도 저렴하고 배송도 엄청 빠르네요
227,빨리오고 향도좋아요 ㅎㅎ
228,역시 로켓배송 최고입니다
229,빠른 배송 감사합니다
230,배송빠르고 아주 좋습니다
231,역시 배송 짱입니다
232,늘 써왔단거라 나쁘지 않았네요
233,배송진짜빠르네요!!싸고 양많게 잘샀습니다
234,감사합니다
235,빠른배송 감사합니다
236,빠른배송 감사해요
237,감사합니다
238,빠른 배송에 가격이 좋네요
239,배송빠르고 향도좋고만족
240,어제도착하기로되있는데하루늦게도착했네요
241,별점을 줄수 없음오배송 이라서
242,향긋한향빠른배송감사
243,배송빠르고 가격좋고 향도 좋네요
244,싸고 좋아요
245,배송빠르고 상품싸고 좋아요 
246,빠른배송에 상품도 좋습니다
247,사진 두장 올려요첨건 마트서 산거 두번째껀 쿠팡서 산거 가격도 틀리고 미리수도 향도 다다 짝퉁인듯요실망입니다 빠이네요ㅠㅠ 왜 저렴한지 알겟네요ㅠㅠ
248,물을 탄건가요? 뭔가 옅고 향도 그렇고 뭔가 다른것 같아요
249,너무 묽어서 향기도 넣은 양에 비해 약하고 실망입니다
250,세제들은 무거워서 장보기가힘든데 집앞까지 배송해주니장보기 좋아요가격도 싸고 매우 만족합니다계속주문 해서 쓸겁니다
251,아직사용은 못해봣구요구매평이 좋아서 구매햇는데퇴근후 문밖에있는 제품을박스에서꺼내 거실로 옮겨놧더니두시간후 용기에서 물기가 맺혀있더라구요흔들어보니 사각사각살얼음소리가나네요내용물이 얼어있었나봅니다
252,피죤쓰다가 진짜 냄새도 이상하고기존제품하고 너무 다르고향 지속력도 거의없고이상해서샤프란으로 갈아탔네요음모조품 만들어서 파나봐요ㅜㅜ이건 확실히 향이 같고지속력도 똑같아서 만족요모조품은 확실히 아닌듯해요앞으로계속 구매하렵니다
253,늘 믿고 쓰는 샤프란입니다은은한 잔향으로늘 씁니다
254,항상 다른 핑크색을 사용하다가 바꿨어요향이 오래가고 좋아요 포근한 느낌의 향이에요빨래널어둔 방에도 방향제처럼 향이 나고마른 뒤에도 향이 많이 남아 있어요!
255,지인 집에놀러갔다가 향이좋아서 저도쓰게됐는데지인네집에서는 향이 진하게났는데 저희집에서는세탁기에 표시된 섬유유연제용량으로넣으면거의냄새가않나요ㅠㅠ그래서저는 거의 쏟아붇다싶이넣어요혹시나해서 한번더 주문해서 써봤는데 마찬가지네요향이 진한걸 원하시면 비추드립니다은은하게 향이나길원하시는분은 괜찮으실듯해요전 다시 다우니로가야겠어요ㅠㅠ
256,항상 쓰는 제품이예요 향도 강하지 않공 은은하고 향기로워서 다른 제품을 써보다가도 다시 찾게 되네요 이상하게 질리지 않는 기분 좋은 향이예요 ㅎㅎ
257,마트에서 파는 샤프란 아닌가요?냄새가 너무 약하네요많이 달라요
258,원래 쓰던 제품이라 뭐 특별시 할말없음전 개인적으로 좋아용
259,시어버터라고 명칭하는 샤프란 향 없어요새로 출시한 시어버터 제품 별로입니다 ㅡㅡ요즘 샤프란 향이 없는데 왜 그럴까요?전에는 미모사코튼앤크림 등등 향이 좋았는데건조 후 향이 안남아요 마트판매용하고 다른가요?제품을 바꿔야 하는지 구매 하는곳을 바꿔야하는지고민 중 입니다
260,마트에서 끙끙거리고 사오기 무거운 섬유유연제이렇게 쿠팡에서 시키니 하루만에 오고 아주 간편해요친정엄마에게 늘 시켜드리는 물건입니다엄마가 아주아주 좋아하세요향기도 아로마향이 은은하게 나서오래전부터 써왔던 제품입니다가격을 더 할인해주었으면 좋겠어요
261,향이 많이 풍기지 않고 오래 지속되지 않아요시어버터가 피부에 좋긴 좋나봐요클레오파트라 얘기도 있고가나 오취리가 시어버터때문에자기나라에서 비누 세제를 사가지고 온다네요피부에 좋고 가격도 저렴하고다시 구매할 생각입니다
262,쿠팡을 믿고 다른 유연제보다 저렴해서 샤프란을 계속 써왔는데 많이 넣어도향이 세탁을 해서 널때만 나고 향이 금방 날아가요다른 유연제는 몇칠을 입어도 나더라고요이제는 다른것으로 바꾸어야 할것 같아요싼게 비지떡인가요?짝퉁은 아닌가요?
263,기존 보통 샤프란 보다훨씬 향이 진하다구 해야할까요?조금만 넣어도 향지속력이 오래 유지되네요ㅎㅎ좋은것 같아요ㅎㅎ
264,세탁하려고 보면 없어집근처 마트로 사러가곤했는데대량으로 사두고 쓰면 편한데왜 이제서야ㅎ향도 맘에들고굿
265,샤프란은 처음써보네요원래 이런거 안쓰다가 이제부터 사용해보려고요사용해보니 향으누막 찐하진않지만 은은하니 좋네요마지막 헹굼에 적당량 넣어서 쓴다는데 맞죠?ㅎㅎ잘안써봐서요암튼 이가격에 4개 싸고 좋은거같아요
266,이 향을 알고난뒤부터는 이 향만고집하여 주문하고있습니다정말 어쩜이리 향이좋은지!빨래널고나서 집안에 온통가득 아로마 향기가 정말 냄새로 힐링하기는 처음입니다만!정말 좋아요! 최고입니다
267,몇년째 사용중입니다향기가 좋아요이 향기로 고농축도 나왔음 좋겠어요
268,항상 애용하는 유연제예요 언제 맡아도 질리지 않고 세탁후 잔향도 좋습니다
269,기존에 쓰던게 남아서 아직 써보진 않았는데 새는거없이 배송됐구요 향기는 기존에 마트에서 사서 쓰던거하고같아요 가격이 마트보다싸길래 구매제가 주문할때보다 가격이 인하됐네요 ㅜㅜ
270,어머니께서 한번사용하시고 좋다고하셔서 구매하게되었습니다 ㅎㅎ
271,향이 잘 나는건지 안나는건지?그래도 어느정돈 하겠지 하구 샀는데지속력이 좀 좋지 못한구 같네여약간 망실망실 ㅠ지속력이 좀 많이 뜨르짐!!!!하지만 용량은 좋아용
272,품질 만족요향기도 좋아요그리고 가격도 저렴근데 쓸때 아쉬운건 미세플라스틱이 제품에 있는건아닌가 하는 점이죠가성비 좋음서 미세플라스틱 걱정 안할 수 있음 좋겠어요
273,몇년째 계속 써왔던 제품이었는데 용기는 똑같으나 향이 다르네요다시 시어버터로 이름이 좀 달라져서 그런가요향이 없다시피 해서 재구매 안할거 같아요
274,시중에 여타 섬유유연제가 많지만 저는 이제품만 써요향이 너무 찐하지도 않고 정전기도 없고한번 써 보면 계속 쓰게 될거에요
275,저렴하게 잘 구매했습니다 다우니 한번 써보려했는데 가성비가 너무 차이나고 샤프란도 후기가 좋아서 구매했습니다!
276,이번에 첨으로 구매해서 써봤는데향이 너무 좋아요 그향 아시죠 남자들이향에 반한다는 그 향 한번써보세요 추천 강추
277,향기좋아요기분좋아지는 향기에요!!!!!!마트같은곳에서 시향해보시고 여기서 싸게 잘 사셔요
278,늘 쓰던것다른거 다 써봐도 요게 젤 좋네요향도 은은하고향에 민감한 다른 엄마들도 다 요거 쓰더라구요
279,늘 사용하는 거라 주문했어요 용량 대비 너무 저렴하고시중에 마트에서 사는 것 보다도 저렴해서 좋아요
280,향이좋습니다실내에서 나는 냄새를 이섬유제 냄새로 대체 가능하답니다패브리지 뿌리지 않아도 된답니다
281,생각보다 배송도빠르고 향이 무엇보다도 강력해서 완전 좋아요!!!! 다음에 재구매 의사 있습니다!
282,햐이 생각보다 오래가진 않아요배송은 엄청 빨리 순삭이네요저렴한맛에 구입한건데 좀 아쉬운감이 있어요
283,매번 넘 잘 쓰고있다지요저번엔 친정에도 두박스나 주문해드렸는데 엄마가 너무 잘 쓰고있다고 하네요
284,향은 그렇게 오래 남진 않지만 나름 괜찮아요전항상 보래색만 쓰니까요?? 가격도 저렴하고 좋아요
285,향이 적당히 은은하구요가격도 저렴하게 구매해서 좋아요강한 향을 싫어하시는 분 한테 추천요
286,향은 그냥저냥 쓸만합니다진하지는 않구요 그냥 괜찮네욤 가격도 저렴해서 쟁겨놓고쓰기 딱 좋아요
287,가격도 성능도 다 맘에 들어요적게 사용하는 샤프란이 나왔지만자꾸 많이 붓게 되는 저에게는 안성맞춤
288,괜찮음!다만 용량이 커서 부을 때 힘들어서 다른 용기에다가 담아 놨다 써요용량대비 가격 괜츈
289,가격이 싸구 잘빨리는거같아구입했어요다른제품보다는 때도 잘빠지구냄새두 너무 좋아요
290,특별할건 없지만 싸게 잘산것같아요대용량은 처음사봤는데 향도 원래 쓰던것과 아주 같네요
291,전에꺼보다 많이 넣는데 발향이나 지속력은 생각보다 못하네요그래도 싼가격에 만족합니다
292,향이 좋다고 얘길 들었는데 다른거 보다 좋은듯해요앞전에 쓰던것보다 향이 진하고 오래가요
293,유연제 중에 젤 향이질리지 않고 만족하는 유연제입니다 세탁후 에도 옷에 향기가 너무 좋아요
294,섬유유연제는 샤프란 아로마 릴렉싱만 써서 두말할필요없어요!!향기도 오래남고 굿굿
295,늘 써왔던 제품이에요향이 지나치게 진하지않고 부드러워요가격도 좋구요
296,리필보다싸요! 양도 리필보다 02리터 적은것뿐 이게 향 진짜 좋아여ㅠㅠ
297,릴렉싱 아로마 늘사용하는 제품입니다 앞으로도 쭈욱 재구매할 예정입니다
298,항상 쓰는 제품이예요주변사람이 피죤 어떤거 쓰냐고 물어봐서 알려줬네요
299,계속 재주문 해서 사용하는 제품이에요너무 진하지 않고 은은해서 좋아요
300,항상 쓰는거라 좋은가격에 잘쓰고 있어요이번엔 배송도 엄청 빨랐어요
301,매번쓰고있는제품리뉴얼되고서는처음사보네요만족했으면합니다
302,향이 은은하니 좋은것같습니다항상 믿고 쓰는 제품입니다
303,샤프란만을 쓰나까 그 향기 없어선 세탁 안 된 느낌인데 사니까 좋아요
304,늘 쓰던거라 이번에도재구매넘 좋아요말이 필요없네요
305,아직써보진 않았어요 ㅜ전에 제가 쓰던보라색이 아니더라구요ㅋ
306,전에 보다 안 좋아진 거 같아요 비싸기만 하고 조금 실망이에요
307,제가 써본 유연제중에 젤 향이 좋고 질리지도 않고 가장 좋아요
308,늘 사용하던 거라 넘넘 좋아요적극추천이요!!!
309,페이스북찾아보면인생급 섬유유연제라고 말하고 있습니다
310,늘 사용하던거라푸짐하니 좋아요 굿
311,늘 사용하던 제품입니다 잘 쓸게요 저렴하게 감사감사
312,싸게 잘 샀어용배송도 굿!가격도 굿!향기도 굿!!
313,늘 사용하는 제품입니다향도 좋고 저렴하고 만족해요
314,향은 그렇게 나지않아요 그냥 약간 정도 그래도 괜찮아요
315,배송도 빠르구 늘 사용해오던거라 떨어지기전 구매했음
316,늘 사용하는 제품입니다이게 향이 제일 좋은 거 같아요
317,생각보다 너무좋은데요 향도오래가고 완전만족합니다
318,사용해보니 향기도 좋아서 재구배 해서 사용하고 있어여
319,늘사용하는 제품 입니다 한동안 든든하겠어요 ㅎ
320,두고두고 잘 쓰고 있어요 양도 많아서 막 써도 돼서 좋아요
321,잘받았어요향도오래가고 저는 이게좋더라구요
322,제가 좋아하는 향기입니다 향기가 오래가고 좋습니다
323,냄새도 은은하고 좋네요이제 이제품만 써야겠어요
324,펀리함 자유롭게 선택하고 배달이 되어주니 감사
325,역시 샤프란 이가격 초고입니다사업번창하세요
326,예전 쓰던 것과 달리 향이 조금약해요ㅠㅠ
327,항상쓰는 샤프란 배송도 빨르고용량도 커서 좋아요
328,향도 은은하고 좋습니다잘 사용하고 있습니다
329,향이 너무너무좋아요
330,굿
331,조아요 네 지인에게 추천 믿고씁니다
332,늘 쓰는 제품이에요ㅎ잘쓸게요
333,좋아용
334,그냥
335,조으당
336,재구매했어요
337,향이 너무 좋아요가격도 좋아요
338,제가 찿던 제품 이예요 아주 좋아요
339,냄새도좋고싸게구입
340,향 너무 좋고요 품질 굿
341,가성비 괜찮아요
342,향이좋아 늘 재구매 합니다
343,마트보다 훨씬 싸게 구매잘했어요
344,향이 옅어요
345,너무잘쓰고있어요
346,애용하고 있어요
347,냄새좋아욘 배송빨라요
348,향도좋고 좋은것같아요
349,향이 너무조아용집안가득한 향기에 기분굳굳
350,가격대비 넘 좋아요젤저럼한것 같아요ㅋ
351,좋아요
352,가성비 좋고 향도 좋네요
353,늘사용하는향입니다
354,용량도많고향기도좋아요
355,샤프란제품중 릴렉싱아로마만 써요
356,가격좋고품질좋고!
357,늘 쓰고 있어요!!
358,좋아요
359,지인추천 넘좋아요
360,향이 오래가고 좋아요
361,좋아요
362,항상쓰던제품이라만족도갑
363,회사동료가 좋다고 해서 주문해봣어요
364,향도좋고 다시 재구매할려구요
365,좋아요이번이 두번째 주문하는 거에요
366,맬 쓰는거 잘쓰고 있습니다
367,향도오래가고 보들보들 해짐
368,향이잘아나요
369,가격대비 너무 좋아요
370,조아요 싸고 빠르고
371,저렴하게 잘사서 잘쓰고있어요
372,좋아요
373,향기가 좋아유
374,좋은상품 좋은가격
375,향도 좋고 지속력도 괜찮네요
376,이런건 별 의심 없이 사게 되는 제품인듯
377,자주쓰는샤프란이라서주문했어요
378,가격 제품 모두 좋아요
379,냄새가좋아요
380,향도좋고 가격도괜찮아강츄드려요
381,저렴하게 구매해서 잘 쓰고 있어요
382,지금까지 쭉쓰는제품입니다 냄새좋아요
383,향이 좋아요
384,냄새 너무좋아요 아기옷냄새
385,늘 쓰던 제품입니다 요제품만 쓰네요
386,아주 좋아요
387,Good!!
388,아주 잘 사용하고 있어요 냄새도 좋고
389,열어보진 않았지만 가성비 좋은듯
390,향기가아주좋아요
391,향이 정말 좋아요
392,처음써보는데 향이 괜찬아요
393,빠른배송양도 많고 좋아요
394,항상 쓰던 향으로 재구매합니다
395,너무좋아요
396,네번째 재구매
397,가성비굿
398,믿고구매
399,냄새 아주 좋아요
400,향조아
401,굿
402,좋아요
403,향이 좋아서 샀어요
404,기존에 사용하던 제품이라 구매했어요
405,엄청싸요
406,생각보다좋아요
407,향이 좋아 재구매 했습니다
408,향기가 은은힐것이 아주 좋아요
409,사용하고있는 제품이라서 재구매했어요
410,항상 사용하는 제품으로 향이 진하지 않아 좋아요
411,향이 좀 약한거같아요 새로운걸 찾아야겠어요
412,향좋아요
413,향이 생각한 것과 달랐지만 잘 사용함
414,항상 사용히는 제품릴렉싱 아로마
415,좋아요
416,향도 좋고 섬유유연제는 요녀석만 사용 하네요
417,저렴만가격에 구매넘잘한거같네요
418,향도 좋고 부드러운데 사용하기 너무 좋음
419,가족모두 이 향을 너무 좋아라 해서 매번 구매
420,항상 쓰던
421,좋아요 역시 쿠팡입니다 그냥좋음
422,싸서 좋아요
423,양도 많고 저렴하고 좋네요 재구매의사 왕 있어요
424,빨래가 부드러워 지는 느낌 좋아요
425,노ㅡ뵤ㅛㅡㅈㅂ숨수 ㅎㅁ휴
426,향이좋고 빨래가 부드러워 좋습니다
427,아로마 향이 은은하고 좋아요
428,향이좋아 항상 이것만 사용하고있어요
429,저렴한 가격에 항상 애용해요
430,향 좋다고 해서 구매해 봤어요 배송 빠르고 좋아요
431,좋아요 좀 묽은갓만 빼먄
432,양이 참 많군
433,늘 쓰는 제품이라 넘좋아요
434,가성비갑
435,쿠팡맨은 몇 시부터 일을 합니까?일요일 아침 7시40분 잠에서 못일어나고 있을 때 문앞에 가져다 두었다는 문자 받고 놀랐습니다너무 일찍부터 일을 하는게 아닌지 날씨도 겁나 추운날에 말이죠원래 근처 마트 세일할 때 사오거나 했는데 그마저도 귀찮아져서 그냥 시켜봤습니다오프라인 세일가 보다 몇 백원 차이로 더 쌉니다주말 이른아침부터 가져다 주시느라 수고 많으셨고 배송하시는 분이 다른건지같이 주문한 세제는 오후에 오고 요놈은 아침일찍 오고 그랬습니다제품을 구매하실 때 좀 읽어보시고 구매를 하시기 바랍니다상품평 보니까 짭이다 어쩌다 말들이 좀 많은거 같은데샤프란이 지금 좀 정신없이 출시한 상황인거 같습니다 쓸데없는 시어버터니 구연산이니 소프란이니소프란은 확실히 향이 조금 차이가 나고 세탁 후 건조 이후로 향이 강하지 않습니다보라색 향 강한 제품은 최초부터 판매한 샤프란 아로마 제품을 쓰셔야 해요시어버터 구연산 플러스 등등 붙은 제품은 상대적으로 향이 더 약해진듯 합니다저는 다우니는 알러지가 있어서 향이 좋아도 못 씁니다피죤도 꽤나 오래 써본거 같은데 향이 거의 복불복 수준이라 샤프란에 정착한지 오래된 것 같습니다다우니와 비스무리 하게 강한 향을 원하시면 시어버터나 구연산 없는 제품을 사용하세요현재 로켓배송은 없는듯 합니다 대부분 동네 마트 가면 일반 샤프란 팔겁니다
436,택배기사님이 문앞까지 배송해주셔서 무겁게 들지 읺아도 됐구요 향은 좋아요
437,빠른배송좋습니다어머니께서이제품만사용하시는데만족해하십니다
438,별하나도 아깝네요ㅡㅡ똑같은 제품을 마트에서 산건 향이 진짜 진하고 오래 가는데 이건 뭐세탁기 돌리고 빨래를 꺼내서 내 코에 박고 세심히 깊은 들숨으로 잘 맡아야 읭? 무슨 냄새가 나긴하는데흠 뭐지?이정도의 향이랄까요? 넣는게 무의미해요이게 도대체 뭔가요? 난감하네요4통이나 샀으니배송도 7일에 구매했는데 13일에 도착했네요무거워서 그런가 박스가 찢어지고 난리가 난거 같았지만테이프로 칭칭 감겨서 잘 왔어요!!! 안 깨진게 다해차라리 깨져서 반품된게 좋았을지ㄷㅋㅋㅋㅋㅋㅋ암트 비추
439,향이 없어요물탄것 같아요배송도 사람손에 거치지 않고 대문앞에 두고 감 없어지면 책임지실건가요? 물건도 파손 도어 오고 똑바로 물건 전달해주시고 파손없이 완충제를 넣던지 포장상태를 똑 바로 해 보내 주세요 그리고 세제에 물탄것 같아요 향이 없어요 
440,무거운 세제를 문앞까지 가져다주셔서 너무감사해요더군다나 싸게 구입해서 너무좋구요
441,상품은좋아서 구매하는데 택 배가 연락도 없이 담넘어로 던저 박스가 엉망 어떻게믿고 구매하겠어요
442,로켓배송 상품이 없어서 로켓배송에다가 추가 할인까지 하면 완전 쌌는데 한참을 지나도 로켓배송이 나오지 않아서 어쩔 수 없어서 사서 좀 아까웠지만 그래도 저렴한 가격에 좋은 제품 감사합니다 앞으로도 저렴한 가격에 좋은 제품 많이 부탁드립니다번창하세요
443,상품 자체는 항상 쓰던거라 잘 알지만 배송하는 쿠팡맨이 로켓배송인데도 3일이나 걸렸고 문앞에 놔둬달라 했는데도 계단 중간에 놔두고 갔네요? 노인이나 팔다리 불편한 분이 주문했다면 어땠을까요 그래서 3점 입니다
444,아로마향은 처음 사용해보는데 괜찮네요 파손없이 빠르개 잘 도착했어요
445,늘쓰던거라향은말한것도없구요겁나빠른배송감사드리구요양엄청많고 같은용량에여기가젤싼듯게다가쿠폰할인받아서 더저렴하게구매해서기분짱입니다
446,배송왜이렇게 느립니까무료 일주일만에 받았네요기다리다 지쳐서 집앞 슈퍼에서 샀는데그다음날 배달왔어요상품상태는 찌그러짐없이 잘왔습니다
447,항상쓰는건데 배송늦어서 한동안 안썼는데 이번에는배송이 하루더빨리와서 좋네요 빠른배송 해주셔서 감사합니다이향이너무나좋아요 잘쓰겠습니다
448,구매후기가 늦었지만 잘 사용하고 있습니다 향이 거북하지 않아서 좋아요 포장도 잘해주시고 물건도 잘 받았어요! 감사합니다
449,충격!송장에는 롱레스팅 릴렉싱 아로마도착한 제품은 시아버터가 왔네요제가 뭘 주문한 건가요일관성 없고 엉망인 듯
450,포장이 다 찌그러져서 온 것은 안타깝지만 택배업계가 업계인지라 이해합니다 고생많으십니다!
451,향은 그럭저럭 좋음!!! 제품 만족!! 집앞까지 무거운걸 배송!!! 아주 만족해요
452,죄성해요 배송이 왔네요 다른 사람이 받아서 알혀주질 않아서 업체와 기사님께 죄송합니다
453,항상쓰는 향이라 좋아요근데 박스가 다 찢어져서 왔어요ㅠㅜ
454,상품은 괜찮은데 배송이 짜증나요전엔 이러지않았는데아쉽네요
455,늘 쓰던것 가격좋고 배송빨라서 이용해요너무 좋아요 고맙습니다
456,배송도 빠르고 가격도 착하고마트보다 싸게 잘산거같아요
457,매번쓰던거라 주문했구요배송도빠르고향도좋아요
458,배송도 빠르고 너무 만족합니다 사업 번창하세요
459,편하게 배달받아 잘 쓰고있어요
460,배송도 빠르고 가격도 싸고 좋아요
461,저렴해서 좋고 배송은 정말 빨라서 더 놀랚어요
462,배송이 빠르고 물건은 좋습니다 ㅎㅎ
463,항상쓰는제품배송빨라서좋아요
464,빠른 배송 감사합니다
465,배송이 늦음
466,배송도 빠르고 가격대비 좋아유
467,배송도 빠르고 제품도 만족합니다
468,빠른배송과 저렴히 구매해서 만족합니다
469,빠른배송 감사합니다다른곳보다 더 저렴했어요
470,저렴하고 빠른배송 좋아요 !! 냄새도 좋아요
471,배송빨라용
472,택배기사님 잘 받았어요
473,냄시 좋고 싸고 배송빠름
474,향이 좋아요저렴하고 빠른배송까지
475,가격대비 괜찮아요배송도 빠르고 잘쓸게요
476,빠른배송 저렴한가격 좋은제품 감사합니다
477,간편하게 배송시켜 쓰는데 늘 만족해용
478,빠른배송감사합니다 또 재구매할께요
479,잘 받았습니다
480,빠른 배송 감사합니다
481,조아요
482,배송빨라서 아주 좋아요
483,빠른배송 감사합니다
484,빠른배송감사드려요
485,배송도 빨리오고 너무 좋아요 향은 더 좋구용
486,품질향오래갑니다
487,포장만 잘 됐으면 완벽해요
488,저렴하게 빠른배송으로 잘삿어용
489,빠른배송 감사합니다
490,빠른배송에 감사드려요
491,택배사 파업 때문인지 배송이 좀 느렸음
492,잘받았습니다
493,굿굿빠른배송 좋아용
494,배송빠르고 좋아요
495,빠른배송 친절한기사님의 알림 감사합니다
496,소프란 by 샤프란 섬유유연제 바이올렛 머스크 본품 31L4언니집에서 쓰려고 주문했습니다언니집에선 기존ㄷㅇㄴ를 썻는데 ㄷㅇㄴ가 가격도 많이 오르고 해서 제가 쓰는 샤프란인줄 알고 주문했습니다우리집에선 샤프란을 사용하고 있는데왜 소프란을 샤프란으로 보았는지ㅠ물건을 받아보고야 샤프란이 아닌 소프란을 주문한걸 알았습니다같은 LG제품이긴 한데내가 왜그랬지 하면서 뚜껑을 열고 냄새부터 확인 해 보니제가 냄새에 민감한지라 안좋은향은 머리가 아픕니다음달콤 포근향 같아 다행인것 같습니다빨래하기전엔 포근하고 달콤한향 같았는데빨래를 빨아보니 그냥 맏았을때랑 좀 다릅니다샤프란 릴렉싱아로마향과 전혀 다른향 입니다언니는 향에 민감하지 않고 빨래는 밖에 널어 놓으니상관 없다고 하네요
497,소프란 by 샤프란 섬유유연제 바이올렛 머스크 본품 31L4언니집에서 괜찮은것 같아 우리집에서 재구매를 하였네요전 샤프란릴렉싱 아로마향보라만 써왔는데 언니집에서 소프란을 구매하여 써보고 향이 무난한것 같아 저도 재구입을 하였는데후회중 입니다ㅠ그냥 맏았을땐 괜찮았는데빨래를 해서 방안에 널었는데그 무난한향은 다 사라지고 약간 비릿한향 같기도 하고방안에서 계속 맏았더니 윽ㅠ속도 울렁거리고 머리가 아파서 도저히 방에 널어 놓을수가 없네요ㅠ그래서 젖은 빨래를 다시 베란다에 널어 놨네요ㅠ바람이 통하지 않는 실내에서 말리면 안돼는 향 같습니다제생각 입니다전 다시 샤프란 릴렉싱아로마로 구입 해야겠어요
498,배송물건상한곳이나 박스훼손없이 잘 배송됐어요저는 향이 너무 강하면 방에 계속 냄새가 남아서 머리가 아픈데 이건 적당한것같아요 일부러 세제랑 같이 넣어버림 양도 많아서 엄청 오래쓰겠네요
499,향이 샤프란이랑 달라요 저도 리뷰보고 삿는데 향은좋다길래 믿고 삿더니 제가쓰던 보라색샤프란이아니네요박스도 다찢어져서 왓구요 박스 완전걸래엿어요
500,어쩜 본품이 이럴수 있는건지 본품이 맞는건지 너무 너무 의심이 듭니다 빨래가 건조가 되면 냄새가 1도 않나요 섬유유연제가 맞는건지 저렴한 가격으로 좋은 제품을 구매했다고 생각했는데 저렴한건 다 이유가 있고참  실망했고 다시는 구매하지 않겠습니다다른 구매자 후기는 도데체 먼가 
501,항상 구매하는 제품인데 언제 써도 너무 너무 좋아요몇년째 계속해서 같은 제품 구매하고 있구요 구매하시는 분들 후회없을 것 같아요가격도 저렴하고 너무 만족합니다
502,두번째구매에요어짜피 헤프게써지는거라 싸면 좋아요말통구매하려다 펌프가너무비싸 도저히못사겠어서 다시이걸로구매!!
503,늘 변함없이 이 제품만 구매중!!향도 좋고양도 좋고배송 최고고 ㅋ
504,샤프란인지 소프란인지 둘이 합친건지 이름모를 소프란의 등장이지만 가성비랑 양 대비해서 사요 ㅎㅎ 냄새는 꽃 향이 나구 양도 많고 나쁘진 않은데 제가 운동을 해서 그런가 향이 빨리 달아나고 냄새가 제 스타일은 아니에요 ㅠㅜ 그 점 말고는 다 좋아요 !! 택배실에서 가져오느라 무거워서 친구들 불렀어요 ㅋㅋㅋㅋㅋ
505,배송 엄청 빠르구요!!! 향너무 좋네요 재구매또 할게요
506,샤프란인줄알았는데 소프란이네용 ㅠㅠ흑흑 다음엔 잘 읽어보고 사겠습니다 향은 좋아요
507,향은 제가 구입한것 중에 가장 진해요쿠폰이랑 추가쿠폰으로 엄청 구입했어요마트보다 저렴하고 배송도 문앞까지 해주시니고맙구요
508,일단 큰 용량 에 저렴합니다배송도 빠르구요향은 진하지도 약하지도 않고적당합니다가격에 적당한 상품인듯 합니다
509,제품 하루만에 배송되었고 가격도 너무 너무저렴하고 샤프란향이 너무 좋아요다음에도 꼭 구매하고 하고싶어요
510,2번째구애인데 나름향도좋고 은은해서 좋아요4통이나되서오래쓰고좋아요
511,기존에 사용했던 샤프란용기가 가성비가 좋아서용기만 보고 구매했는데 냄새도 너무 강하고거부감많이드네요 자세히 보니 소프란용기색깔만같고 품질은 실망입니다담엔 상품명 잘보고 구매할겁니다
512,오래도록 좋은 향이 날듯 해서 주문했습니다아직 사용전이긴 하나 계절 지나고 꺼내 입을때 좋은 향이 남았었던 기억이 있어 다시 주문합니다내년 겨울에 다시 좋은 향을 가득 담은 옷을 꺼내보고 싶네요
513,향기가 좋은편이나 오래 지속되는것 같진않음섬유유연제가 옷감을 부드럽게 하는것도 있어야하는데 생각보단 보들아진않음다우땡 보단 당연이 향은 깊고진하진않지만 연한걸 좋아하는 사람들은 좋아할듯
514,샤프란이 아닌 소프란이네요향은 뚜껑열고 부으면 나는데 헹구고나서 빨래널때는 안나요ㅎㅎ부드럽긴 합니다실성 저는 섬유유연제 향이 너무 진한건 싫어해서 오히려 더 낫네요
515,샤프이 왜케 싼가 했더니 소프 ㅋㅋㅋㅋㅋㅋㅋㅋ향은 은은해요꽤 많은 양을 넣어도 은은해요 ㅋㅋㅋ근데 하루 입었는데도 향이 은은하네요양이 많아 오래 쓸 수 있을 것 같아요
516,샤프란을 늘 쓰시던 분들은 그냥 샤프란 쓰시고요 오래가는 향을 원하시는분들유연제로 원하시는 분들은 가격에 만족하면서 쓰시면 될것 갔습니다저는 쓰는데 좋았습니다
517,저는 늘 바이올렛향을 쓰고있습니다 잔항이 길게 남거든요
518,냄새가 왜이렇게 개떡같습니까 화나네진짜 어머님이 사서 냄새맡아보고 했는데빨래돌리고 냄새도 역하고 다시 빨래하는중입니다 이딴거 쳐팔지말고 판매중단하세 판매자님아
519,향이 완전 별루입니다 그냥 버리고ㅠ싶네요 머스크향이라 해서 주문했는데 향이 전혀 나지도 않고 물에 완전 희석 되어진듯한 섬유유연제 한것 같지도 않아요ㅠㅠ
520,다른곳에비해 가성비좋고 제품도향도너무좋아요
521,전에 쓰던제품이랑 약간 향이 다른거 같기도 하고 첨엔 약간 향이 진해서 그런가 거부감 이 일더라구여계속 사용 하다보니 익숙해졌어요잘 쓰고 있습니다 
522,싼가격에 구입했더니 싼게 비지떡이란 말이 있듯이 정전기는 정전기데로 생기고 향도 거의 없고괜히 많이 구입해버려 후회가 막심
523,요거 짱이에요 가격대비 양이 어마어마해요 언제 다쓸수 있을런지 모를정도로 많아요 ㅋㅋㅋ 다쓸라면 몇년은 걸릴듯 
524,샤프란인줄구매했는데잘보니까소프란이더라구요이제품은많이넣어도냄새가안나요다시는제품구매하고싶지않습니다
525,생각했던거 보다 향기도 좋고 발향도 아주 좋아요ㅎㅎ리뷰보고 고민했는대 가격도 저렴해서이것만 쓸꺼 같아요ㅎㅎㅎ감사합니다
526,아직 미개봉입니다가격이 저렴해서 어떨지 모르겠네요터짐없이 배송 잘되어서 왔습니다써보고 괜찮으면 계속 사용예정이예요
527,샤프란인줄 알았는데 소프란이네요 샤프란 보라색과는 좀 향이 다르고 꽃향기가 나네요예민한 편이 아니라 뭐 만족합니다
528,가격이 저렴한건 정품이아닌것같아요마트에서 확인하고 향이좋아서 주문했는대 달라요 향이잘안나요 ㅠㅠ
529,다른 쇼핑몰보다 저렴하고 써보니 너무좋다앞으로 더욱더 쿠팡을 많이 애용해야겠어요감사합니다
530,우선향이좋구오래가요글구양도많구요 가격또한착하답니다계속이것만흘것같아요
531,샤프란인줄 알고 구매햇는데 일단 물이 너무 흐리고 향이 오래가지 못해요 저렴해서 바로 구매햇어요
532,타사 제품으로 바꿔써보았는데다시 샤프란으로 쓰게되었네요다시 제것을 찾은것같네요
533,다우니만 쓰다가 갈아타본 건데 뭐랄까 수수한 플로럴 향이랄까 딱히 거슬리는 향은 아닙니다
534,샤프란이 아니라 소프란ㅋㅋㅋㅋㅋ근데 향기는 또 내수타일임향기로운 바이올렛 진한 향 굳
535,향이 너무 좋아서 다른 것 사용하다가 갈아탔어요아가아가한 향이 꽤 오래 지속되네요
536,원래 샤프란을 썼었는데 이건 소프란이네요아직 써버린 않았지만 향이 좋았음 줗겠네요
537,좀 묽다는 생각이 드네요 그래서 좀 많이 넣어야 하는점이 있어요 그점이 조금 아쉽습니다
538,샹도좋고 저렴하게 사서 좋아요여름이라 빨래도 자주 하는데 용량도 커서 좋습니다
539,향기좋고 저렴하고 아주 만족합니다신랑도 옷에서 좋은향기난다먀 좋아하네요
540,가격끝판 효능도 좋고 두번째 구입 입니다 너무 좋아요팍팍 넉넉히 쓰고 있어요
541,향 진해요하지만 오래가진않아요바닐라리치쓰다가 바꿨는데저는 더 좋네요
542,향이 너무 좋네요 가격도 착하구요빠른배송이 넘나 좋습니다
543,엄마가 요 향이 젤 좋다고 하시네요저렴한 가격에 더욱 만족합니다
544,양도많고 가격도착하구 향기두 오래가요 또구매예정입니다
545,양이 먛아 두고쓸듯 향은 있는지잘모르겠네요탈수후 향이없어오ㅡ
546,처음 사용해 보는건데 생각했던 것 보다 향이 좋아서 만족스러워요!
547,싸게잘산거 같애요향도 생각보다 오래가고많이 파세요
548,향이 아주 마음에 들어요은은하게 머스크향 나서 좋고싸서 좋아요
549,저렴하게 평소안쓰던거샀는데냄새도좋고배송도빨라좋네요 ㅎ
550,항상 쓰는 제품입니다너무 저렴하게 구매해서 너무 좋아요
551,가성비최고에 항도 상큼합니다계속해서 같은제품만 구입중
552,가격이 저렴한 상품이라 한번 사봤는데향은 그저 그러네요
553,샤프란인줄알고샀는데소프란이라니
554,물건이오고나서야ㅡ소프란인줄알앗다ㅡ괜차나영 향은
555,향도 좋고 정말 싸게 샀어요조아요조아요
556,원래 샤프란 보다 싸서 구매했는데 가격대비 괜찮습니다
557,싸고 양도 많고 향도 넘 조코다른거 살 이유 없을듯
558,마트 보다 훨씬 저렴합니다너무너무 감사드려요
559,향이 오래가요무겁지만 가격 착해서 계속 구매중
560,엄마가 쓰길래 따라 사봅니다 ㅎ향이 은은하니 좋네요
561,항상 샤프란만 사용해요 향아 오래 머물어 좋아요
562,샤프란인줄 알았는데 소프란이네요
563,hcjghfjvkgjvuffjvkhkfjfjg
564,냄새 굿
565,정말 좋습니다 자렴하게 구잊햇어요
566,냄시는이게젤루좋다는
567,양이 많아 좋아요
568,가격에 비해 좋아요향도 오래 가고요
569,싸고 향도좋고 다만족합니다
570,저렴해서 좋아요
571,늘이것만씁니다
572,향도좋고 가격도좋아용 ㅎㅎ
573,쓰던제품이라재구매했어요
574,마음에들어요
575,친정집에서 항상쓰던거라 또 구매했어요
576,좋아요
577,저렴한 가격이라 사봤어여
578,아직사용은 못해봤어요
579,가격대비 만족
580,재구매 앙기머띠
581,향이나 가격면에서 괜찮은것 같아요
582,늘 사용하는 제품인데 저렴하게 구입했네요
583,가성비 최고입니다
584,향이 어떨까했는데 기대이상으로 좋네요
585,한통도 다 못썼는데 냄새 바꾸고싶음 ㅠㅠ
586,잘사용
587,향기가 강하지 않아서 좋아요
588,싸게대량구매굳
589,마트보다 훨 저렴해서 조ㅇ요ㅎ
590,항상 잘 쓰고있습니다
591,저렴하게 잘샀습니다
592,너무 좋네요
593,저렴히 잘산거같아요향도 좋구요
594,매번 구매하는 상품
595,좋아요
596,가성비짱이고 향도좋아요
597,매번 잘쓰고 있어요
598,넘 좋아요
599,배송도빠르고 향기도 은은하고 양도 많아요
600,향이좋아요!
601,향이좋고 저렴해서 늘 사용중입니다
602,가성비 갑좋아요
603,저렴한가격에 잘산것같아요ㅎㅎ
604,샤프란이아니고ㅠ
605,갠적으로 샤프란 보다 향이더 좋은것 같아요ㅋ
606,가성비 짱입니다
607,향이오래가구 양도많고 가격도착하구 
608,부드러운향기가 맘에 드네요
609,굿
610,맘에듭니다
611,좋아요
612,좋아
613,최고
614,항상 애용하는 제품이랍니다
615,냄새 갑 용량갑
616,싸다 각격도 향도
617,저렴하니 좋아요
618,향도 좋고 저렴하고 좋아요
619,진하지 않음에 큰실망향도 별루다
620,가격저렴하고 배송빠르네요향도 무난합니다
621,마트보다훨저렴한거같아여
622,무난한 향이에요
623,용량이 커서 좋아요 잘 쓸게요
624,향이좋아요
625,샤프란보다 향이 좀 덜해요 ㅠㅠ
626,양많고향기좋그ㅡ잘쓰고있어요
627,항상쓰는제품인데좋은가격으로구매
628,향기 괜찮대요 저렴해서 구입해봐요
629,향이 진하네요
630,늘 쓰는 제품이라 가격도 저렴하구 향도 좋아요
631,냄새좋음
632,저렴하고 향도좋아서 계속ㅆ느네요
633,항상 친정엄마가 쓰시던거라 쿠팡에서 주문해드렸네요담날 도착했으니 배송은 엄청 빠른데 전화연락도 없이 문앞에그냥 놓고 가버렸네요 ㅜ 친정집이 주택인데 제가 마당에재활용쓰레기 버리러나왔다가 대문밖에 상자가 있어서 나갔는데택배가 와있더라구요완전 어이상실그리고 얼마있어서 대문밖에 택배상자 찍어서 배송했다는 택배기사의 문자한통 헐저 사는곳 고흥 시골이여도 쿠팡맨 이런짓은 안합니다섬유유연제 로켓배송으로 주문해서 오는도중 새는것도 알아서 반품교환처리해주시고 정말 친절한데암튼 물건은 안터지고 곱게 왔는데 기분이 좋지는 않네요
634,다른상품이랑똑같이주문했는데이회사만 엄청느리고 별로좋지않네요후기보고 구매하긴했늣데다음부터 이용하고싶은마음이뚝떨어지네요판매자 연락도 간신히 되서 언제보내줄수있냐했는데여태까지 상품준비중이고 늦게되서 금일오후 출고한다고 답변만들었다이회사 완전 꽝ㅡㅡ
635,상품이 금요일에 와야했고 화요일에 더 일찍 도착해야했다 주문시 배달은 무료였습니다 화요일에는 은행 카드로 2900 원을 받았다 내 동의없이
636,빠른 배송이랑 착한 가격이 좋았어요 근데 상품에 유통기강 표기가 없어서 조금 불편하네요
637,택배상자 밑에가 다 찢어져서오고 박스 테이프도 한쪽을 누가 칼로 뜯어본거처럼도있네요
638,아직 사용 전이라서 품질은 모르겠지만매우 저렴한 가격 빠른 배송 마음에 듭니다
639,배송은빨라요근데 경비실하고택배기사님하고 트러블이있었다는ㅎㅎ
640,잘샀어요 ㅎㅎ 가격 천사ㅠㅠ 할인에 할인을!!하지만 배송은 상자가 드 뜯긴 ㅠㅠ
641,항상 쓰는건데 향도좋고 가격도 좋고 좋습니다다만 배송이 너무늦네요ㅠ
642,포장이 다트어지고 다른박스에 또포장했어도 또뜨어져서왔어요 넘심해요
643,진짜 냄새나 파손없이 이틀만에 오고 언제나 배송은 쿠팡이 최고에요
644,굉장히 빠르게 잘왔습니다 감사합니다 쿠팡맨 ㅎ
645,감사히 잘 받았습니다
646,꼼꼼한 포장과 빠른 배송 감사합시다
647,배송완전빠르고 좋습니다
648,저렴한가격에 빠른배송까지 감사합니다
649,배송좋고 상품도만족합니다
650,빠른 배송 두번째 구매인것 같아요
651,배송도 적절하고 잘받았습니다
652,저렴한가격에 빠른배송까지 감사합니다
653,항상 쓰는 제품입니다 배송빠르고 좋습니다
654,많은 양과 빠른 배송 재구매 할 겁니다
655,만족합니다
656,배송이 빠르고 좋았습니다
657,만족합니다
658,배송관련 좀더 신경써주세요
659,배송빠르고 향도 좋아요
660,좋은제품빠른배송감사합니다 
661,9천원때에 샀어요 4개에 향이 좋네요
662,품질가격 친절한배송 굿
