단어,토픽
섬유유연제,향
옷,세탁물
향,향
성분,성분
세탁기,기타
피부,성분
추천,기타
생각,기타
우리,사람
일반,기타
자연,자연
깨끗,기능
물,자연
유아,사람
양,패키지
천연,성분
함유,성분
사과,향
얼룩,성분
안심,성분
고농축,기능
세척력,기능
알로에,성분
제거,기능
드럼,기타
추출물,성분
거품,기능
가능,기타
은은,향
선물,기타
걱정,성분
제주,기타
투명,기타
향기,향
아이,사람
일,기타
유래,기타
안전,성분
용량,패키지
브랜드,경쟁사
세척,기능
자극,성분
원료,성분
뚜껑,패키지
프리미엄,기타
주의,성분
과일,향
깔끔,기능
가루,기타
활용,기타
집,기타
대용량,패키지
녹차,성분
설거지,기타
효과,기능
하나,기타
확인,기타
계면활성제,성분
식물성,성분
세트,기타
유연,향
마음,기타
상주,기타
베이비,기타
두,기타
가족,사람
기분,기타
종,기타
아이들,사람
판매,기타
강력,기능
이,기타
냄새,향
들이,기타
오늘,기타
개,기타
데,기타
만족,기능
사용량,패키지
부분,기타
경우,기타
선택,기타
엄마,사람
인증,기타
속옷,세탁물
완료,기타
만,기타
애경,경쟁사
테스트,기타
계량컵,패키지
중,기타
필요,기타
제공,기타
용,기타
따뜻,기타
해도,기타
손빨래,기타
구입,기타
발효,성분
손,기타
오염,기능
용기,패키지
포장,패키지
편안,기타
하시,기타
라,기타
색소,성분
구매,기타
방법,기타
세정력,기능
토루,기타
거,기타
이번,기타
체험,기타
지,기타
게시,기타
세탁물,세탁물
통,패키지
농산물,성분
가격,기타
님,기타
땅,기타
미세먼지,기능
보성녹차,성분
이불,세탁물
시간,기타
기부,기타
수익금,기타
어른,기타
주부,기타
년,기타
기준,기타
이유,기타
퍼실,경쟁사
카페,기타
공개,기타
땀,기능
비트,경쟁사
형,기타
듯,기타
이용,기타
배송,기타
위,기타
배,기타
남,기타
인산염,기타
아토,기타
이벤트,기타
화장품,기타
세정,기능
속,기타
비,기타
이상,기타
천,기타
하루,기타
잔여물,기능
루트,기타
방지,기타
아빠,기타
위해,기타
항균,향
표백제,기능
줄,기타
말,기타
글,기타
업체,기타
젖병,기타
날,기타
규정,기타
시작,기타
몇,기타
진짜,기타
중성세제,기타
사진,기타
신생아,기타
소프트,기타
소중,기타
고민,기타
눈,기타
인공,성분
효소,성분
감사,기타
공지,기타
소량,성분
전성,기타
안,기타
청소,기타
민감,성분
산,기타
무엇,기타
전용,기타
겸용,기타
내,기타
뭐,기타
사실,기타
사람,기타
도움,기타
필독,기타
무첨가,성분
피죤,향
